단축코드,종목명,종가,대비,등락률,순자산가치,시가,고가,저가,거래량,거래대금,시가총액,상장좌수
152100,ARIRANG 200,42810,-110,-0.26,42836.58,43085,43085,42750,20978,899735785,841216500000,19650000
295820,ARIRANG 200동일가중,11965,115,0.97,11973.78,11815,11965,11815,349,4162975,5982500000,500000
253150,ARIRANG 200선물레버리지,49450,-365,-0.73,49545.59,49905,50140,49365,280,13955250,14835000000,300000
253160,ARIRANG 200선물인버스2X,4000,10,0.25,3998.83,3960,4000,3955,36313,144484420,15200000000,3800000
278420,ARIRANG ESG우수기업,9760,40,0.41,9785.64,9725,9790,9725,1472,14382955,4880000000,500000
292750,ARIRANG KRX300,19265,-50,-0.26,19344.97,19290,19370,19250,31,598485,13485500000,700000
309170,ARIRANG KRX300IT,18355,-15,-0.08,18428.86,18410,18425,18325,20,367460,2569700000,140000
309210,ARIRANG KRX300헬스케어,13100,-60,-0.46,13203.96,13175,13225,13100,208,2730110,6026000000,460000
333940,ARIRANG KS로우볼가중TR,14230,45,0.32,14282.16,14205,14260,14205,233,3316155,7115000000,500000
333950,ARIRANG KS로우사이즈가중TR,17335,65,0.38,17392.94,17320,17355,17270,230,3981770,6934000000,400000
333960,ARIRANG KS모멘텀가중TR,16160,5,0.03,16212.99,16205,16275,16145,238,3856425,8080000000,500000
333970,ARIRANG KS밸류가중TR,16555,-10,-0.06,16617.52,16575,16615,16515,281,4653295,8277500000,500000
333980,ARIRANG KS퀄리티가중TR,15895,35,0.22,15945.77,15895,15945,15860,30,476985,6358000000,400000
269530,ARIRANG S&P글로벌인프라,11425,-65,-0.57,11328.29,11480,11480,11305,252,2881020,3998750000,350000
251590,ARIRANG 고배당저변동50,11535,135,1.18,11533.02,11350,11535,11350,2083,23907755,17302500000,1500000
161510,ARIRANG 고배당주,12585,35,0.28,12620.14,12580,12610,12535,92881,1167872620,192550500000,15300000
251600,ARIRANG 고배당주채권혼합,11210,25,0.22,11215.68,11180,11215,11180,11247,125995940,12331000000,1100000
289670,ARIRANG 국채선물10년,56025,35,0.06,55938.95,56075,56075,56025,20,1120550,6274800000,112000
298340,ARIRANG 국채선물3년,53620,-75,-0.14,53608.81,53620,53620,53620,1,53620,7292320000,136000
189400,ARIRANG 글로벌MSCI(합성 H),17180,130,0.76,17171.81,17185,17190,17030,394,6766275,8761800000,510000
278620,ARIRANG 단기채권액티브,106135,-15,-0.01,106116.96,106150,106150,106135,1091,115796785,20271785000,191000
269540,ARIRANG 미국S&P500(H),17140,-75,-0.44,17058.75,17145,17160,17130,13020,223194410,32566000000,1900000
287180,ARIRANG 미국나스닥기술주,21115,55,0.26,21000.87,21060,21225,21060,3546,74891490,27449500000,1300000
213630,ARIRANG 미국다우존스고배당주(합성 H),15830,-210,-1.31,15779.24,15805,15850,15770,38555,609335160,24219900000,1530000
332610,ARIRANG 미국단기우량회사채,94975,-475,-0.5,94802.66,95440,95450,94975,121,11535490,21844250000,230000
332620,ARIRANG 미국장기우량회사채,94650,290,0.31,94326.63,94425,95060,94360,1025,96993480,26502000000,280000
195970,ARIRANG 선진국MSCI(합성 H),12300,0,0,12261.55,12310,12330,12260,5189,63795105,6396000000,520000
238670,ARIRANG 스마트베타Quality채권혼합,11420,10,0.09,11441.8,11400,11425,11400,616,7040395,6852000000,600000
195980,ARIRANG 신흥국MSCI(합성 H),12980,65,0.5,12881.74,13050,13055,12905,20152,262406765,72168800000,5560000
373530,ARIRANG 신흥국MSCI인버스(합성 H),8955,0,0,9020.43,0,0,0,0,0,6447600000,720000
256450,ARIRANG 심천차이넥스트(합성),13730,-60,-0.44,13831.47,13800,13865,13695,294,4043420,8238000000,600000
239660,ARIRANG 우량회사채50 1년,108725,-15,-0.01,108710.28,108740,108755,108725,492,53499615,17396000000,160000
280920,ARIRANG 주도업종,11685,-95,-0.81,11712.6,11765,11800,11670,54,633330,6426750000,550000
266550,ARIRANG 중형주저변동50,12070,45,0.37,12064.73,11985,12070,11955,270,3244230,6035000000,500000
301400,ARIRANG 코스닥150,13760,-65,-0.47,13868.28,13790,13870,13755,557,7711850,4816000000,350000
301410,ARIRANG 코스닥150선물인버스,7370,0,0,7383.06,7360,7390,7355,2346,17282590,4790500000,650000
227830,ARIRANG 코스피,32130,-25,-0.08,32235.09,32195,32310,32080,271,8729130,36949500000,1150000
122090,ARIRANG 코스피50,29450,-115,-0.39,29496.19,29545,29685,29425,210,6206360,13252500000,450000
328370,ARIRANG 코스피TR,15885,-10,-0.06,15943.57,15905,15960,15880,130,2069165,128668500000,8100000
301440,ARIRANG 코스피중형주,12890,85,0.66,12946.42,12950,12950,12770,55,709065,6445000000,500000
376250,ARIRANG 탄소효율그린뉴딜,10055,0,0,10081.58,10075,10125,10050,919,9260560,7541250000,750000
285690,FOCUS ESG리더스,11860,50,0.42,11896.52,11875,11910,11850,220,2613785,24906000000,2100000
292730,FOCUS KRX300,19420,0,0,19463.7,0,0,0,0,0,21362000000,1100000
293180,HANARO 200,42430,-70,-0.16,42439.74,42500,42670,42375,6403,272124770,598263000000,14100000
332930,HANARO 200TR,50455,-100,-0.2,50446.94,50630,50760,50370,1025,51818855,219479250000,4350000
304780,HANARO 200선물레버리지,29880,-160,-0.53,29904.4,30060,30220,29880,1483,44423230,53784000000,1800000
306520,HANARO 200선물인버스,8800,5,0.06,8803.59,8740,8815,8740,877,7684675,65120000000,7400000
368190,HANARO Fn K-뉴딜디지털플러스,12575,-100,-0.79,12589.44,12670,12690,12550,15719,198225245,110031250000,8750000
367740,HANARO Fn5G산업,12610,90,0.72,12609.09,12530,12630,12530,3317,41741655,24589500000,1950000
381560,HANARO Fn전기&수소차,10285,-100,-0.96,10286.07,10370,10385,10250,38376,395633550,9770750000,950000
381570,HANARO Fn친환경에너지,9715,25,0.26,9718.67,9690,9730,9645,2479,24030930,8257750000,850000
346000,HANARO KAP초장기국고채,45600,0,0,45613.51,45670,45705,45600,82,3744200,8572800000,188000
304760,HANARO KRX300,19165,-30,-0.16,19171.64,19165,19165,19165,1,19165,17248500000,900000
332940,HANARO MSCI Korea TR,17095,30,0.18,17086.42,17080,17195,17070,50,855800,276939000000,16200000
322400,HANARO e커머스,18415,215,1.18,18474.7,18220,18505,18220,325776,5989588730,58007250000,3150000
322410,HANARO 고배당,10880,105,0.97,10870.2,10785,10895,10760,2839,30732345,26112000000,2400000
354350,HANARO 글로벌럭셔리S&P(합성),17500,25,0.14,17367.92,17505,17625,17450,20009,351141940,25375000000,1450000
314700,HANARO 농업융복합산업,13075,75,0.58,13066.78,13005,13075,12970,653,8507660,7191250000,550000
306540,HANARO 단기통안채,103050,0,0,103054.17,103060,103060,103050,10,1030550,2370150000,23000
304770,HANARO 코스닥150,13840,-20,-0.14,13886.64,13835,13860,13805,6198,85816015,35153600000,2540000
306530,HANARO 코스닥150선물레버리지,12095,35,0.29,12086.55,12060,12165,12050,224,2713050,6047500000,500000
375760,HANARO 탄소효율그린뉴딜,10090,-20,-0.2,10090.56,10090,10145,10055,1321,13340490,11099000000,1100000
148020,KBSTAR 200,42465,-115,-0.27,42500.01,42580,42750,42415,143362,6094790775,1155048000000,27200000
285000,KBSTAR 200IT,16725,-45,-0.27,16745.25,16830,16830,16680,2349,39344050,11707500000,700000
361580,KBSTAR 200TR,21730,-15,-0.07,21722.73,21835,21835,21710,315,6854720,111909500000,5150000
287300,KBSTAR 200건설,12940,45,0.35,12948.43,12925,12940,12830,2158,27813790,2588000000,200000
287310,KBSTAR 200경기소비재,11850,-30,-0.25,11881.45,11810,11975,11810,197,2346380,2370000000,200000
290080,KBSTAR 200고배당커버드콜ATM,8220,70,0.86,8213.14,8170,8220,8135,20,163165,5754000000,700000
284980,KBSTAR 200금융,9255,-20,-0.22,9283.05,9205,9295,9205,3785,35034045,3146700000,340000
287320,KBSTAR 200산업재,13795,105,0.77,13798.68,13690,13805,13655,785,10777085,1931300000,140000
287330,KBSTAR 200생활소비재,9425,195,2.11,9420.19,9320,9425,9275,1485,13895920,4712500000,500000
252400,KBSTAR 200선물레버리지,24945,-140,-0.56,24956.93,25090,25275,24880,30806,770928490,27439500000,1100000
252410,KBSTAR 200선물인버스,4930,15,0.31,4948.78,4940,4945,4900,1068,5239950,24157000000,4900000
252420,KBSTAR 200선물인버스2X,2005,10,0.5,2000.45,1975,2005,1970,251977,501192670,33483500000,16700000
284990,KBSTAR 200에너지화학,13730,-130,-0.94,13746.86,13825,13880,13720,1983,27256390,4942800000,360000
285010,KBSTAR 200중공업,11015,200,1.85,11016.88,10870,11045,10870,6458,70934735,5948100000,540000
285020,KBSTAR 200철강소재,9800,-330,-3.26,9816.37,10185,10185,9750,10257,101304315,3136000000,320000
315480,KBSTAR 200커뮤니케이션서비스,20050,230,1.16,20032.68,19980,20060,19965,185,3700160,10025000000,500000
105780,KBSTAR 5대그룹주,8455,-65,-0.76,8452.95,8515,8525,8430,5746,49370900,10146000000,1200000
290130,KBSTAR ESG사회책임투자,13770,45,0.33,13781.66,13750,13835,13740,687897,9480937315,344938500000,25050000
368200,KBSTAR Fn K-뉴딜디지털플러스,12555,-60,-0.48,12572.39,12665,12665,12555,82,1033985,6277500000,500000
367760,KBSTAR Fn5G테크,10575,15,0.14,10575.06,10560,10580,10520,68296,721282960,101520000000,9600000
367770,KBSTAR Fn수소경제테마,11895,35,0.3,11926.8,11860,11990,11850,108071,1289698755,249200250000,20950000
326240,KBSTAR IT플러스,20920,40,0.19,20942.52,21015,21015,20885,12041,252379245,169870400000,8120000
385560,KBSTAR KIS국고채30년Enhanced,99725,85,0.09,99915.79,99735,100015,99725,3086,307773880,9972500000,100000
385550,KBSTAR KIS단기종합채권(AA-이상)액티브,100015,5,0,100002.11,100020,100020,100005,1813,181335735,160024000000,1600000
385540,KBSTAR KIS종합채권(A-이상)액티브,99975,50,0.05,99921.9,100040,100040,99975,12077,1208150095,79980000000,800000
270800,KBSTAR KQ고배당,15930,45,0.28,15932.3,15885,15930,15860,3021,48039990,13540500000,850000
292050,KBSTAR KRX300,19545,-20,-0.1,19530.75,19595,19620,19510,41,801240,23454000000,1200000
307010,KBSTAR KRX300레버리지,20800,-95,-0.45,20770.99,21005,21005,20760,15,312725,14560000000,700000
319870,KBSTAR KRX300미국달러선물혼합,15490,-70,-0.45,15428.51,15660,15660,15450,45,698000,10843000000,700000
342500,KBSTAR KRX국채선물3년10년스티프너,51500,0,0,51486.75,51520,51520,51490,7,360540,6180000000,120000
342600,KBSTAR KRX국채선물3년10년스티프너2X,52535,-35,-0.07,52525.71,52575,52575,52530,6,315280,6304200000,120000
342610,KBSTAR KRX국채선물3년10년플래트너,49445,70,0.14,49429.47,49425,49445,49425,9,444875,5933400000,120000
342620,KBSTAR KRX국채선물3년10년플래트너2X,48415,95,0.2,48419.2,48400,48420,48375,6,290430,5809800000,120000
234310,KBSTAR V&S셀렉트밸류,15990,35,0.22,16008.22,16060,16075,15960,105,1683005,11193000000,700000
241390,KBSTAR V&S셀렉트밸류채권혼합,12625,10,0.08,12623.43,12640,12645,12605,4484,56605115,12625000000,1000000
300640,KBSTAR 게임테마,15250,160,1.06,15243.5,15090,15295,15090,6498,98874460,12200000000,800000
266160,KBSTAR 고배당,12990,35,0.27,12986.62,12895,13005,12890,133222,1727575750,50011500000,3850000
114100,KBSTAR 국고채3년,113220,-45,-0.04,113175.98,113300,113300,113210,142,16081965,30569400000,270000
282000,KBSTAR 국고채3년선물인버스,99630,95,0.1,99642.2,99570,99630,99560,26,2589175,651480570000,6539000
295000,KBSTAR 국채선물10년,55050,20,0.04,54999.77,55090,55125,55030,32,1762445,5835300000,106000
295020,KBSTAR 국채선물10년인버스,48030,40,0.08,48047.78,47995,48030,47960,6,287990,4034520000,84000
276650,KBSTAR 글로벌4차산업IT(합성 H),21600,90,0.42,21524.4,21640,21640,21470,4979,106989930,27000000000,1250000
375270,KBSTAR 글로벌데이터센터리츠나스닥(합성),11145,-10,-0.09,11121.04,11370,11370,11140,2778,30995405,8916000000,800000
336160,KBSTAR 금융채액티브,103530,0,0,103480.81,103605,103610,103530,80,8284590,60047400000,580000
326230,KBSTAR 내수주플러스,11245,155,1.4,11250.62,11150,11255,11140,125710,1409255210,30811300000,2740000
272560,KBSTAR 단기국공채액티브,102120,-5,0,102104.18,102135,102140,102110,1094785,111794592480,127752120000,1251000
196230,KBSTAR 단기통안채,104480,0,0,104479.63,104485,104485,104480,53818,5623032840,222855840000,2133000
315960,KBSTAR 대형고배당10TR,17050,-205,-1.19,17049.7,17365,17365,17020,5915,101042950,16197500000,950000
252730,KBSTAR 모멘텀로우볼,16395,-20,-0.12,16378.96,16475,16490,16370,10,164115,8197500000,500000
252720,KBSTAR 모멘텀밸류,15145,-30,-0.2,15130.75,15290,15290,15065,143,2164355,3786250000,250000
379780,KBSTAR 미국S&P500,10265,-90,-0.87,10234.4,10330,10330,10250,116404,1195806565,16424000000,1600000
219390,KBSTAR 미국S&P원유생산기업(합성 H),3895,-80,-2.01,3868.49,3830,3915,3830,185151,717756275,57451250000,14750000
354240,KBSTAR 미국고정배당우선증권ICE TR,10105,-40,-0.39,10066,10145,10145,10060,801,8086245,7578750000,750000
368590,KBSTAR 미국나스닥100,11395,-70,-0.61,11358.62,11460,11465,11365,182064,2078298405,82044000000,7200000
267440,KBSTAR 미국장기국채선물(H),11235,120,1.08,11240.01,11230,11245,11220,591,6631915,5617500000,500000
267490,KBSTAR 미국장기국채선물레버리지(합성 H),12160,165,1.38,12165.02,12165,12165,12160,63,766350,3648000000,300000
267450,KBSTAR 미국장기국채선물인버스(H),8320,-30,-0.36,8298.79,8315,8325,8295,797,6619870,4160000000,500000
267500,KBSTAR 미국장기국채선물인버스2X(합성 H),6640,-50,-0.75,6584.23,6550,6640,6550,14510,95820350,1992000000,300000
140570,KBSTAR 수출주,13170,30,0.23,13151.93,13060,13225,13060,211,2777365,5268000000,400000
140580,KBSTAR 우량업종,13205,150,1.15,13194.98,13060,13205,13060,456,5993020,3961500000,300000
379790,KBSTAR 유로스탁스50(H),10345,-30,-0.29,10294.76,10335,10360,10325,1345,13911055,8793250000,850000
183710,KBSTAR 주식혼합,45265,185,0.41,45121.15,45190,45265,45190,144,6507045,11316250000,250000
310080,KBSTAR 중국MSCI China선물(H),14250,125,0.88,14142.42,13930,14250,13930,6197,87862580,13537500000,950000
174360,KBSTAR 중국본토대형주CSI100,22805,-60,-0.26,22873.97,22865,22940,22710,42333,966670885,75256500000,3300000
136340,KBSTAR 중기우량회사채,105505,-50,-0.05,105447.6,105570,105570,105490,1114,117536180,121330750000,1150000
281990,KBSTAR 중소형고배당,12380,75,0.61,12373.33,12345,12380,12285,2468,30405635,7428000000,600000
272570,KBSTAR 중장기국공채액티브,103630,-20,-0.02,103580.17,103745,103745,103630,25,2592410,43731860000,422000
250730,KBSTAR 차이나HSCEI(H),12350,125,1.02,12296.19,12315,12380,12315,3468,42916845,4940000000,400000
291680,KBSTAR 차이나H선물인버스(H),9450,-65,-0.68,9503.6,9380,9510,9350,522,4904325,3780000000,400000
371150,KBSTAR 차이나항셍테크,10055,-30,-0.3,10002.56,10085,10115,10035,1192,12008675,6033000000,600000
183700,KBSTAR 채권혼합,64715,35,0.05,64699.12,64715,64715,64715,213,13784295,15531600000,240000
270810,KBSTAR 코스닥150,13755,5,0.04,13794.18,13785,13795,13720,3170,43659040,163409400000,11880000
278240,KBSTAR 코스닥150선물레버리지,14025,45,0.32,14017.17,14010,14150,13940,25981,364742615,172367250000,12290000
275750,KBSTAR 코스닥150선물인버스,4920,5,0.1,4918.97,4910,4935,4895,3129,15374270,4428000000,900000
302450,KBSTAR 코스피,31950,-70,-0.22,31977.06,32195,32195,31925,180,5754510,185310000000,5800000
361590,KBSTAR 코스피ex200,14200,50,0.35,14250.15,14215,14225,14155,154,2183180,14910000000,1050000
334690,KBSTAR 팔라듐선물(H),16225,330,2.08,16038.16,15965,16225,15965,2982,48004030,6490000000,400000
334700,KBSTAR 팔라듐선물인버스(H),4355,-60,-1.36,4407.88,4450,4450,4335,4077,17858265,1742000000,400000
253280,KBSTAR 헬스케어,15735,-45,-0.29,15763.07,15765,15820,15735,871,13736805,6294000000,400000
253290,KBSTAR 헬스케어채권혼합,12360,10,0.08,12361.57,12350,12380,12350,3960,48962325,12360000000,1000000
105190,KINDEX 200,42495,-105,-0.25,42522.52,42670,42780,42430,492417,20963930470,745787250000,17550000
332500,KINDEX 200TR,25865,-55,-0.21,25866.26,25945,26025,25830,1424,36889325,336245000000,13000000
368470,KINDEX Fn K-뉴딜디지털플러스,15045,-85,-0.56,15036.85,15135,15135,14975,430,6474375,7522500000,500000
380340,KINDEX Fn5G플러스,8640,5,0.06,8631.88,8645,8655,8590,43093,372286235,8640000000,1000000
226380,KINDEX Fn성장소비주도주,8125,185,2.33,8135.85,8000,8130,7970,2703,21850930,6500000000,800000
356540,KINDEX KIS종합채권(AA-이상)액티브,98040,-70,-0.07,97988.61,98010,98040,98010,2,196050,34314000000,350000
277540,KINDEX S&P아시아TOP50,15755,40,0.25,15609.59,15745,15800,15715,794,12505215,30722250000,1950000
225130,KINDEX 골드선물 레버리지(합성 H),19340,525,2.79,19256.84,18990,19425,18990,27212,525410020,25142000000,1300000
365780,KINDEX 국고채10년,96395,15,0.02,96305.49,96440,96470,96395,53,5111275,14170065000,147000
114460,KINDEX 국고채3년,107060,-40,-0.04,107015.96,107125,107125,107060,416,44539015,41753400000,390000
299070,KINDEX 국채선물10년인버스,96145,-40,-0.04,96263.37,96195,96195,96145,12,1154240,4807250000,50000
299080,KINDEX 국채선물3년인버스,99335,20,0.02,99396,0,0,0,0,0,4966750000,50000
190620,KINDEX 단기통안채,100330,0,0,100323.09,100330,100330,100325,674,67622260,198452740000,1978000
265690,KINDEX 러시아MSCI(합성),28575,210,0.74,28651.7,28365,28580,28365,1730,49343140,10001250000,350000
152500,KINDEX 레버리지,10835,-25,-0.23,10815.24,10890,10950,10795,14471,157307340,10835000000,1000000
291130,KINDEX 멕시코MSCI(합성),9460,-205,-2.12,9456.26,9535,9560,9430,587,5574600,7568000000,800000
342140,KINDEX 모닝스타싱가포르리츠채권혼합,9900,5,0.05,9848.7,9900,9900,9900,298,2950200,9900000000,1000000
280320,KINDEX 미국IT인터넷S&P(합성 H),19575,25,0.13,19492.4,19585,19585,19550,258,5048655,15660000000,800000
360200,KINDEX 미국S&P500,11895,-105,-0.88,11857.34,11955,11965,11885,214438,2556474925,216489000000,18200000
309230,KINDEX 미국WideMoat가치주,16420,-190,-1.14,16322.33,16595,16595,16290,130422,2141472850,64038000000,3900000
367380,KINDEX 미국나스닥100,11765,-75,-0.63,11727.42,11830,11830,11750,95413,1124943245,151768500000,12900000
181480,KINDEX 미국다우존스리츠(합성 H),90145,735,0.82,89955.92,89525,90585,89525,3506,316099350,18029000000,200000
211260,KINDEX 배당성장,39295,40,0.1,39309.3,39385,39400,39240,155,6103035,7859000000,200000
143460,KINDEX 밸류대형,10140,-25,-0.25,10147.77,10180,10185,10110,1188,12012535,20280000000,2000000
245710,KINDEX 베트남VN30(합성),20775,0,0,20558.54,20825,20885,20675,64983,1349478030,195285000000,9400000
371130,KINDEX 블룸버그베트남VN30선물레버리지(H),20140,465,2.36,19858.48,19755,20140,19755,2735,54804240,20140000000,1000000
131890,KINDEX 삼성그룹동일가중,17225,-45,-0.26,17262.46,17325,17365,17225,144,2491880,8612500000,500000
108450,KINDEX 삼성그룹섹터가중,16205,-80,-0.49,16231.01,16310,16310,16165,4104,67247370,106953000000,6600000
322130,KINDEX 스마트로우볼,17520,-10,-0.06,17531.84,17580,17580,17450,19768,345590400,10512000000,600000
272220,KINDEX 스마트모멘텀,17860,-60,-0.33,17871.53,17945,17945,17780,7056,125802570,8930000000,500000
272230,KINDEX 스마트밸류,16190,-10,-0.06,16197.9,16250,16250,16115,34576,558351715,16190000000,1000000
322120,KINDEX 스마트퀄리티,19030,-35,-0.18,19035.63,19195,19195,19030,35,669425,9515000000,500000
322150,KINDEX 스마트하이베타,15395,-55,-0.36,15397.95,15485,15485,15395,20,308800,10776500000,700000
316300,KINDEX 싱가포르리츠,11680,-5,-0.04,11675.96,11685,11685,11625,178,2073945,11680000000,1000000
256440,KINDEX 인도네시아MSCI(합성),8020,30,0.38,7911.48,8050,8050,7965,10332,82556665,26466000000,3300000
145670,KINDEX 인버스,4670,20,0.43,4681.2,4685,4685,4645,12596,58714630,6538000000,1400000
238720,KINDEX 일본Nikkei225(H),18740,80,0.43,18721.18,18645,18740,18645,817,15276540,13118000000,700000
196030,KINDEX 일본TOPIX레버리지(H),20580,80,0.39,20585.33,20390,20585,20355,447,9177985,12348000000,600000
205720,KINDEX 일본TOPIX인버스(합성 H),4460,-5,-0.11,4473.55,4470,4485,4460,2250,10052720,9812000000,2200000
168580,KINDEX 중국본토CSI300,32770,90,0.28,32685.71,32995,32995,32575,42500,1392619660,242498000000,7400000
219900,KINDEX 중국본토CSI300레버리지(합성),6050,0,0,6073.98,6100,6120,6020,9124,55463060,14520000000,2400000
272910,KINDEX 중장기국공채액티브,101290,-30,-0.03,101271.38,101400,101400,101245,9,911960,15902530000,157000
371870,KINDEX 차이나항셍테크,9945,30,0.3,9881.72,10045,10045,9770,1428,14143485,4972500000,500000
251890,KINDEX 코스닥(합성),13825,10,0.07,13878.04,13855,13885,13825,159,2204565,8295000000,600000
354500,KINDEX 코스닥150,13840,0,0,13871.6,13835,13860,13785,408,5634725,29064000000,2100000
305050,KINDEX 코스피,32035,-20,-0.06,32044.81,32120,32120,32020,4726,151598475,8008750000,250000
261920,KINDEX 필리핀MSCI(합성),12605,210,1.69,12315.37,12400,12605,12400,590,7363630,5042000000,400000
069500,KODEX 200,42410,-85,-0.2,42419.52,42550,42670,42325,5204460,221067624020,4703269000000,110900000
226980,KODEX 200 중소형,14705,135,0.93,14745.75,14570,14760,14570,13967,205107720,8823000000,600000
337160,KODEX 200ESG,15030,-10,-0.07,15065.48,15075,15160,15030,4616,69620710,30060000000,2000000
363580,KODEX 200IT TR,14135,-10,-0.07,14154.76,14265,14265,14080,1897,26817390,59367000000,4200000
278530,KODEX 200TR,13885,0,0,13876.48,13950,13955,13840,28651,398094300,1453759500000,104700000
337150,KODEX 200exTOP,14595,-5,-0.03,14618.13,14660,14675,14595,112,1643295,20433000000,1400000
223190,KODEX 200가치저변동,11440,50,0.44,11439.86,11410,11455,11380,2651,30265920,20592000000,1800000
252650,KODEX 200동일가중,13045,85,0.66,13053.21,12985,13060,12985,636,8284710,10436000000,800000
360140,KODEX 200롱코스닥150숏선물,12295,35,0.29,12303.53,12310,12335,12285,104,1279450,19672000000,1600000
284430,KODEX 200미국채혼합,13070,25,0.19,13050.38,13120,13120,13015,5414,70739960,14638400000,1120000
252670,KODEX 200선물인버스2X,1995,5,0.25,2001.08,1985,2010,1975,134029373,266754958315,2091757500000,1048500000
305720,KODEX 2차전지산업,18760,-200,-1.05,18792.54,18960,19050,18745,564516,10646978685,1483916000000,79100000
271060,KODEX 3대농산물선물(H),11080,-340,-2.98,11065.48,11170,11170,11030,34508,382127665,10636800000,960000
099140,KODEX China H,21585,135,0.63,21426.64,21595,21845,21455,20980,453314840,32377500000,1500000
204450,KODEX China H 레버리지(H),7040,85,1.22,6975.01,6990,7050,6960,77493,543945710,29568000000,4200000
291660,KODEX China H선물인버스(H),9550,-50,-0.52,9647.59,9600,9620,9550,256,2457350,3820000000,400000
368680,KODEX Fn K-뉴딜디지털플러스,12590,-45,-0.36,12585.13,12635,12680,12545,6419,81039730,23921000000,1900000
296710,KODEX FnKorea50,11325,100,0.89,11319.68,11275,11325,11275,52,588500,4530000000,400000
337120,KODEX Fn멀티팩터,14955,-15,-0.1,14936.9,14970,14970,14925,1015,15179020,16450500000,1100000
325010,KODEX Fn성장,17990,10,0.06,17950.77,17980,18020,17900,1332,23941740,98945000000,5500000
266370,KODEX IT,20040,-5,-0.02,20045.7,20160,20160,19945,15627,313097965,50100000000,2500000
385520,KODEX K-미래차액티브,10090,-95,-0.93,10098.33,10180,10245,10065,794560,8039176965,40360000000,4000000
385510,KODEX K-신재생에너지액티브,10165,-30,-0.29,10173.01,10215,10260,10130,266532,2716035680,20330000000,2000000
373490,KODEX K-이노베이션액티브,11160,-40,-0.36,11140.41,11210,11250,11130,6455,72095435,10602000000,950000
292190,KODEX KRX300,19320,-40,-0.21,19378.22,19445,19450,19305,5614,108642810,65688000000,3400000
306950,KODEX KRX300레버리지,20930,-215,-1.02,20998.72,21120,21200,20925,1804,37863540,20930000000,1000000
229720,KODEX KTOP30,22820,-90,-0.39,22843.5,22940,22985,22820,135,3085840,13692000000,600000
291890,KODEX MSCI EM선물(H),10815,5,0.05,10753.27,10800,10820,10760,199,2151765,5948250000,550000
289040,KODEX MSCI KOREA ESG유니버설,12660,-50,-0.39,12689.28,12710,12730,12625,1550,19618300,32916000000,2600000
156080,KODEX MSCI Korea,19820,15,0.08,19828.8,19930,19930,19805,37,736350,99100000000,5000000
278540,KODEX MSCI Korea TR,13565,-40,-0.29,13614.84,13650,13690,13565,313607,4284892620,1416186000000,104400000
275280,KODEX MSCI모멘텀,13690,10,0.07,13667.82,13680,13690,13680,6,82130,8214000000,600000
275290,KODEX MSCI밸류,13370,-20,-0.15,13403.25,13390,13395,13360,34,454605,14707000000,1100000
275300,KODEX MSCI퀄리티,10605,55,0.52,10649.86,0,0,0,0,0,7423500000,700000
269420,KODEX S&P글로벌인프라(합성),11655,-210,-1.77,11646.08,11805,11805,11655,4679,54888275,12400920000,1064000
329650,KODEX TRF3070,11115,-20,-0.18,11060.06,11190,11190,11100,28258,314125240,41125500000,3700000
329660,KODEX TRF5050,11850,-45,-0.38,11791.56,11895,11895,11845,8426,100039565,11850000000,1000000
329670,KODEX TRF7030,12570,-85,-0.67,12495.16,12620,12620,12540,6539,82314440,12570000000,1000000
352540,KODEX TSE일본리츠(H),12985,25,0.19,12951.71,12955,12985,12895,239,3095445,10388000000,800000
315930,KODEX Top5PlusTR,19435,-40,-0.21,19411.91,19480,19490,19390,3103,60355005,596654500000,30700000
261220,KODEX WTI원유선물(H),9900,-15,-0.15,9906.6,9880,9920,9875,517067,5120318195,282645000000,28550000
271050,KODEX WTI원유선물인버스(H),9335,0,0,9331.44,9365,9365,9320,27945,260960705,5601000000,600000
117700,KODEX 건설,3690,15,0.41,3687.04,3665,3690,3650,343149,1259698145,85977000000,23300000
300950,KODEX 게임산업,13210,30,0.23,13212.05,13230,13270,13155,4857,64110835,10568000000,800000
266390,KODEX 경기소비재,13250,155,1.18,13245.2,13115,13310,13100,18409,243844425,7950000000,600000
279530,KODEX 고배당,10125,30,0.3,10140.85,10110,10125,10085,6330,64039450,34425000000,3400000
132030,KODEX 골드선물(H),12955,165,1.29,12917.21,12900,12985,12900,351443,4549584765,256509000000,19800000
280940,KODEX 골드선물인버스(H),6880,-115,-1.64,6896.46,6900,6900,6860,7718,53077110,3440000000,500000
138910,KODEX 구리선물(H),8325,-30,-0.36,8299.11,8315,8355,8285,95373,792950655,33300000000,4000000
114260,KODEX 국고채3년,58070,-30,-0.05,58051.89,58080,58120,58055,1858,107933090,94073400000,1620000
152380,KODEX 국채선물10년,69120,0,0,69054.2,69190,69220,69100,404,27940140,19491840000,282000
176950,KODEX 국채선물10년인버스,47435,25,0.05,47475.24,47365,47435,47345,87,4121735,224841900000,4740000
292770,KODEX 국채선물3년인버스,49700,30,0.06,49728.58,0,0,0,0,0,5069400000,102000
276990,KODEX 글로벌4차산업로보틱스(합성),16820,-90,-0.53,16693.29,16955,16955,16800,3443,57948725,21361400000,1270000
102960,KODEX 기계장비,5710,105,1.87,5702.67,5630,5725,5615,178382,1016230990,18386200000,3220000
352560,KODEX 다우존스미국리츠(H),13455,20,0.15,13391.82,13455,13455,13430,2764,37171850,13455000000,1000000
273140,KODEX 단기변동금리부채권액티브,102560,-5,0,102555.6,102560,102565,102560,2030,208196875,113944160000,1111000
153130,KODEX 단기채권,102860,-5,0,102860.47,102865,102870,102860,16494,1696624635,2619947060000,25471000
214980,KODEX 단기채권PLUS,103165,-15,-0.01,103164.33,103180,103180,103165,1040488,107347628160,1918456340000,18596000
122630,KODEX 레버리지,27360,-135,-0.49,27534.13,27530,27710,27265,18253444,502004924615,1690848000000,61800000
321410,KODEX 멀티에셋하이인컴(H),10705,20,0.19,10710.72,10645,10705,10645,2394,25620015,5352500000,500000
244620,KODEX 모멘텀Plus,12240,-10,-0.08,12259.99,12260,12280,12210,338,4142715,12240000000,1000000
314250,KODEX 미국FANG플러스(H),26135,-35,-0.13,26110.92,26165,26210,26110,163618,4281507300,568436250000,21750000
379800,KODEX 미국S&P500TR,10310,-85,-0.82,10278.35,10355,10365,10300,258695,2670360965,41240000000,4000000
219480,KODEX 미국S&P500선물(H),20150,-70,-0.35,20095.91,20145,20170,20125,30522,615190450,135005000000,6700000
276970,KODEX 미국S&P고배당커버드콜(합성 H),10610,-50,-0.47,10539.76,10660,10660,10595,15456,164076580,29708000000,2800000
185680,KODEX 미국S&P바이오(합성),30490,-455,-1.47,30244.32,31150,31150,30350,2043,62291865,8079850000,265000
200030,KODEX 미국S&P산업재(합성),20415,-40,-0.2,20198.27,20550,20550,20285,20509,419833660,10901610000,534000
218420,KODEX 미국S&P에너지(합성),6745,-105,-1.53,6708.51,6825,6830,6660,24808,167179690,20531780000,3044000
379810,KODEX 미국나스닥100TR,10055,-60,-0.59,10033.76,10115,10125,10040,161480,1627097065,40220000000,4000000
304940,KODEX 미국나스닥100선물(H),17375,-40,-0.23,17327.97,17390,17415,17355,413334,7192549670,41700000000,2400000
261240,KODEX 미국달러선물,9905,-50,-0.5,9901.67,9950,9955,9890,232863,2310382050,65769200000,6640000
261250,KODEX 미국달러선물레버리지,9050,-90,-0.98,9049.58,9130,9150,9035,81075,735464390,28507500000,3150000
261270,KODEX 미국달러선물인버스,10250,45,0.44,10269.23,10210,10270,10210,1270,13026070,5125000000,500000
261260,KODEX 미국달러선물인버스2X,9955,90,0.91,9979.95,9850,9980,9850,13131,130785645,5375700000,540000
280930,KODEX 미국러셀2000(H),14405,-85,-0.59,14342.59,14405,14420,14370,7013,100906590,46096000000,3200000
308620,KODEX 미국채10년선물,11280,-15,-0.13,11274.9,11335,11335,11255,9372,105903875,12408000000,1100000
304660,KODEX 미국채울트라30년선물(H),11780,60,0.51,11793.25,11820,11820,11765,10089,118926305,17670000000,1500000
304670,KODEX 미국채울트라30년선물인버스(H),7835,-35,-0.44,7818.41,7825,7845,7815,14875,116448765,4701000000,600000
266360,KODEX 미디어&엔터테인먼트,22920,145,0.64,22932.4,22800,23015,22800,32296,739999230,59592000000,2600000
244580,KODEX 바이오,14110,60,0.43,14204.83,14040,14150,14040,20818,293515560,23704800000,1680000
091160,KODEX 반도체,36275,-75,-0.21,36384.62,36365,36540,36190,123932,4505489020,257552500000,7100000
325020,KODEX 배당가치,13815,-25,-0.18,13807.35,13835,13865,13755,3023,41764290,154728000000,11200000
211900,KODEX 배당성장,15765,25,0.16,15776.02,15745,15825,15725,4089,64495515,26800500000,1700000
237370,KODEX 배당성장채권혼합,12085,45,0.37,12105.73,12065,12120,12045,4825,58229325,21753000000,1800000
244670,KODEX 밸류Plus,10920,40,0.37,10915.02,10895,10930,10875,666,7267830,14196000000,1300000
140700,KODEX 보험,6510,15,0.23,6530.43,6475,6530,6475,52950,344570365,17577000000,2700000
102780,KODEX 삼성그룹,9910,-35,-0.35,9926.28,9960,9980,9875,216105,2144219370,1951279000000,196900000
213610,KODEX 삼성그룹밸류,9420,-45,-0.48,9458.22,9475,9505,9420,3785,35756275,8478000000,900000
251350,KODEX 선진국MSCI World,18775,-85,-0.45,18635.17,18860,18880,18745,16903,317991080,270360000000,14400000
256750,KODEX 심천ChiNext(합성),13880,-45,-0.32,14070.52,13930,13995,13730,78418,1085834225,73564000000,5300000
117460,KODEX 에너지화학,19655,-160,-0.81,19719.94,19930,19930,19625,10426,206067180,30268700000,1540000
140710,KODEX 운송,7350,55,0.75,7349.17,7295,7400,7290,146737,1076774065,27195000000,3700000
144600,KODEX 은선물(H),5820,100,1.75,5795.54,5805,5855,5800,496398,2893342180,118728000000,20400000
091170,KODEX 은행,7595,-45,-0.59,7626.69,7605,7645,7565,466782,3546732735,252154000000,33200000
114800,KODEX 인버스,3825,5,0.13,3830.85,3815,3840,3805,20840845,79618516075,1120725000000,293000000
101280,KODEX 일본TOPIX100,15910,-50,-0.31,15823.74,15980,15980,15835,716,11369820,9546000000,600000
091180,KODEX 자동차,22645,-95,-0.42,22643.42,22750,22965,22550,173001,3932810185,489132000000,21600000
363570,KODEX 장기종합채권(AA-이상)액티브KAP,95175,0,0,95536.31,0,0,0,0,0,31122225000,327000
273130,KODEX 종합채권(AA-이상)액티브,108570,-30,-0.03,108503.91,108530,108635,108510,28181,3059750650,1400661570000,12901000
169950,KODEX 중국본토 A50,24620,135,0.55,24546.18,24485,24760,24485,29766,732938175,39392000000,1600000
283580,KODEX 중국본토CSI300,14750,25,0.17,14768.79,14780,14810,14700,70406,1039812990,120950000000,8200000
102970,KODEX 증권,8620,40,0.47,8627.65,8570,8645,8565,115421,994499000,60340000000,7000000
372330,KODEX 차이나항셍테크,10105,10,0.1,10010.48,10055,10180,10055,90239,913118865,116712750000,11550000
117680,KODEX 철강,10225,-350,-3.31,10235.31,10510,10530,10145,669893,6886399695,52249750000,5110000
279540,KODEX 최소변동성,12235,60,0.49,12287.06,12245,12245,12235,59,721875,14682000000,1200000
229200,KODEX 코스닥 150,13840,-15,-0.11,13899.46,13875,13915,13815,4200127,58270069285,467792000000,33800000
233740,KODEX 코스닥150 레버리지,13840,20,0.14,13871.37,13820,13955,13755,6911899,95783597525,1040768000000,75200000
360150,KODEX 코스닥150롱코스피200숏선물,7790,5,0.06,7786.27,7770,7790,7770,143,1111150,11685000000,1500000
251340,KODEX 코스닥150선물인버스,4655,0,0,4665.75,4655,4675,4640,17946419,83542872910,438501000000,94200000
226490,KODEX 코스피,31855,45,0.14,31876.71,31855,31950,31735,7607,242387665,375889000000,11800000
237350,KODEX 코스피100,32500,-45,-0.14,32527.01,32825,32825,32445,430,13987035,16250000000,500000
359210,KODEX 코스피TR,14670,-25,-0.17,14692.01,14715,14715,14660,78,1145855,38142000000,2600000
337140,KODEX 코스피대형주,14915,-15,-0.1,14957.87,14950,15005,14910,556,8311725,50711000000,3400000
138920,KODEX 콩선물(H),12540,-205,-1.61,12515.88,12485,12580,12435,3782,47253795,8778000000,700000
244660,KODEX 퀄리티Plus,11575,65,0.56,11586.65,11595,11595,11505,240,2770610,12732500000,1100000
375770,KODEX 탄소효율그린뉴딜,10085,-20,-0.2,10101.32,10135,10140,10070,5146,52010780,50425000000,5000000
266410,KODEX 필수소비재,10430,130,1.26,10452.41,10355,10465,10345,32064,333951790,27118000000,2600000
298770,KODEX 한국대만IT프리미어,19550,-5,-0.03,19577.2,19555,19665,19515,29990,588176130,144670000000,7400000
266420,KODEX 헬스케어,18830,-95,-0.5,18921.46,18925,18965,18820,11296,213291980,22596000000,1200000
364690,KODEX 혁신기술테마액티브,13780,25,0.18,13773.42,13805,13835,13730,2079,28627305,12402000000,900000
069660,KOSEF 200,42410,-75,-0.18,42415.97,42425,42675,42350,1141,48460690,534366000000,12600000
294400,KOSEF 200TR,50415,-90,-0.18,50419.56,50650,50700,50320,13821,697513135,486504750000,9650000
253250,KOSEF 200선물레버리지,24610,-120,-0.49,24619.9,24800,24905,24530,18323,450420010,26578800000,1080000
253240,KOSEF 200선물인버스,4965,50,1.02,4951.83,4940,4965,4915,12922,64154185,4071300000,820000
253230,KOSEF 200선물인버스2X,1990,15,0.76,1986.78,1970,1990,1955,43956,86828025,9392800000,4720000
331910,KOSEF Fn중소형,25555,40,0.16,25552.51,25590,25605,25400,10368,263977885,22488400000,880000
100910,KOSEF KRX100,6670,-15,-0.22,6664.55,6690,6700,6655,123,821625,12006000000,1800000
104530,KOSEF 고배당,8940,25,0.28,8977.18,8895,8955,8885,4116,36761680,8046000000,900000
148070,KOSEF 국고채10년,119790,20,0.02,119680.52,119855,119980,119735,2501,299821235,174893400000,1460000
167860,KOSEF 국고채10년레버리지,127810,25,0.02,127621.72,127885,128240,127810,247,31592925,8946700000,70000
114470,KOSEF 국고채3년,112635,-85,-0.08,112633.01,112760,112760,112635,58,6534405,33790500000,300000
130730,KOSEF 단기자금,101135,-5,0,101126.05,101145,101145,101135,125774,12720794055,48949340000,484000
138230,KOSEF 미국달러선물,11765,-55,-0.47,11758.31,11810,11825,11745,8365,98498745,29883100000,2540000
225800,KOSEF 미국달러선물레버리지,8605,-80,-0.92,8602.64,8675,8690,8585,18820,162396435,19705450000,2290000
139660,KOSEF 미국달러선물인버스,10700,50,0.47,10702.59,10640,10700,10640,36,384330,11877000000,1110000
230480,KOSEF 미국달러선물인버스2X,8790,95,1.09,8794.08,8695,8795,8690,1312,11462095,18546900000,2110000
373790,KOSEF 미국방어배당성장나스닥,11015,-150,-1.34,10989.8,11050,11070,11010,1048,11568145,6609000000,600000
104520,KOSEF 블루칩,10735,85,0.8,10731.79,10685,10750,10670,313,3359600,12882000000,1200000
200250,KOSEF 인도Nifty50(합성),15945,-20,-0.13,15954.86,15980,15980,15860,20974,333625930,29498250000,1850000
316670,KOSEF 코스닥150,6915,0,0,6920.19,6915,6945,6895,816,5649075,23649300000,3420000
291630,KOSEF 코스닥150선물레버리지,5985,15,0.25,5973.7,5950,6025,5950,925,5541030,7241850000,1210000
291620,KOSEF 코스닥150선물인버스,8460,-10,-0.12,8457.21,8415,8480,8415,832,7024225,4483800000,530000
153270,KOSEF 코스피100,32130,-75,-0.23,32090.47,32255,32300,32075,66,2122925,12209400000,380000
122260,KOSEF 통안채1년,101360,-25,-0.02,101354.46,101380,101385,101360,906316,91875852150,43584800000,430000
168300,KTOP 코스피50,29660,-220,-0.74,29807.65,29845,29875,29635,128,3807820,14681700000,495000
295040,SMART 200TR,14430,-20,-0.14,14435.78,14465,14505,14400,3221,46537645,443722500000,30750000
363510,SMART KIS단기통안채,100325,0,0,100324.87,0,0,0,0,0,64107675000,639000
292500,SMART KRX300,19345,-90,-0.46,19428.84,19445,19455,19325,592,11473550,30952000000,1600000
208470,SMART 선진국MSCI World(합성 H),18105,-10,-0.06,18010.72,18110,18120,18020,19,343465,10863000000,600000
220130,SMART 중국본토 중소형 CSI500(합성 H),5550,10,0.18,5589.11,5535,5550,5505,11989,66316795,4995000000,900000
102110,TIGER 200,42445,-90,-0.21,42461.61,42605,42715,42370,459007,19513764740,2224118000000,52400000
139260,TIGER 200 IT,37415,-105,-0.28,37497.96,37620,37690,37360,119257,4476654035,951837600000,25440000
139220,TIGER 200 건설,3195,5,0.16,3195.52,3175,3200,3165,493189,1569179980,88309800000,27640000
139290,TIGER 200 경기소비재,19195,25,0.13,19191.69,19230,19335,19125,3438,66066435,7294100000,380000
139270,TIGER 200 금융,7285,-35,-0.48,7307.03,7275,7320,7255,54513,396987020,41524500000,5700000
227550,TIGER 200 산업재,7745,45,0.58,7742.55,7750,7760,7660,13738,106021375,9448900000,1220000
227560,TIGER 200 생활소비재,12355,255,2.11,12356.76,12165,12365,12165,9606,118280570,4200700000,340000
139250,TIGER 200 에너지화학,20585,-235,-1.13,20655.67,20735,20880,20560,58252,1207395455,33347700000,1620000
139230,TIGER 200 중공업,3590,70,1.99,3591.84,3535,3600,3520,419214,1499099915,48824000000,13600000
139240,TIGER 200 철강소재,10180,-325,-3.09,10181.25,10445,10450,10100,101634,1037631450,15677200000,1540000
227540,TIGER 200 헬스케어,25145,5,0.02,25169.6,25265,25265,25105,4275,107735255,23133400000,920000
243880,TIGER 200IT레버리지,63375,85,0.13,63102.84,63730,63990,62880,5120,325417250,53868750000,850000
310960,TIGER 200TR,22610,-55,-0.24,22610.84,22575,22720,22575,343,7771275,67830000000,3000000
252000,TIGER 200동일가중,13225,90,0.69,13276.13,0,0,0,0,0,7273750000,550000
267770,TIGER 200선물레버리지,20590,-135,-0.65,20601.95,20740,20860,20525,687960,14256823610,121481000000,5900000
252710,TIGER 200선물인버스2X,2070,10,0.49,2075.27,2060,2080,2050,2564347,5293806835,111366000000,53800000
243890,TIGER 200에너지화학레버리지,22125,-445,-1.97,22200.51,22565,22800,22100,7352,164215695,19912500000,900000
315270,TIGER 200커뮤니케이션서비스,32290,405,1.27,32286.13,32090,32350,32090,1304,42022515,14207600000,440000
166400,TIGER 200커버드콜5%OTM,15685,110,0.71,15630.69,15665,15685,15665,39,610995,7842500000,500000
289480,TIGER 200커버드콜ATM,11230,0,0,11231.98,11230,11230,11230,8,89840,6738000000,600000
305540,TIGER 2차전지테마,17430,-120,-0.68,17489.86,17550,17670,17430,328459,5760303460,851455500000,48850000
365040,TIGER AI코리아그로스액티브,13975,10,0.07,13986.89,14045,14055,13955,103823,1452201095,20962500000,1500000
357870,TIGER CD금리투자KIS(합성),50310,0,0,50309.98,0,0,0,0,0,315242460000,6266000
377990,TIGER Fn신재생에너지,9925,195,2,9937.39,9750,9925,9740,145449,1434441305,18361250000,1850000
341850,TIGER KIS부동산인프라채권TR,5550,20,0.36,5581.26,5585,5585,5535,3528,19617635,32190000000,5800000
364960,TIGER KRX BBIG K-뉴딜,12305,-65,-0.53,12345.54,12420,12425,12300,109622,1354769090,489123750000,39750000
364980,TIGER KRX2차전지K-뉴딜,16135,-275,-1.68,16170.21,16410,16445,16115,535091,8698469805,801102750000,49650000
292160,TIGER KRX300,19295,-100,-0.52,19365.73,19395,19420,19295,433,8371615,32801500000,1700000
364990,TIGER KRX게임K-뉴딜,11005,35,0.32,11007.7,11005,11030,10950,38276,420620960,37417000000,3400000
364970,TIGER KRX바이오K-뉴딜,10100,-105,-1.03,10122.56,10205,10240,10100,84775,861865750,82820000000,8200000
365000,TIGER KRX인터넷K-뉴딜,11030,105,0.96,11065.05,10935,11070,10925,43690,481533575,42465500000,3850000
228820,TIGER KTOP30,11305,-80,-0.7,11339.23,11475,11475,11295,2209,25075810,9609250000,850000
300610,TIGER K게임,12875,85,0.66,12873.4,12800,12890,12800,1369,17608445,5793750000,450000
138530,TIGER LG그룹+펀더멘털,11965,-140,-1.16,11979.02,12130,12130,11930,13943,167180090,18904700000,1580000
289260,TIGER MSCI KOREA ESG리더스,12005,-55,-0.46,12020.92,12060,12110,11985,12196,147134555,62666100000,5220000
289250,TIGER MSCI KOREA ESG유니버설,12735,25,0.2,12740.14,12770,12810,12735,269,3436025,7258950000,570000
310970,TIGER MSCI Korea TR,17120,-50,-0.29,17109.01,17170,17170,17055,1106,18933985,1010080000000,59000000
269370,TIGER S&P글로벌인프라(합성),10660,-30,-0.28,10553.08,10660,10660,10625,220,2343780,5330000000,500000
248270,TIGER S&P글로벌헬스케어(합성),16455,-100,-0.6,16435.39,16525,16540,16400,1317,21703715,16455000000,1000000
292150,TIGER TOP10,14140,-60,-0.42,14129.45,14215,14235,14090,258162,3656743255,1052723000000,74450000
217790,TIGER 가격조정,26445,75,0.28,26441.92,26385,26450,26360,30,792670,4760100000,180000
139280,TIGER 경기방어,12685,110,0.87,12695.74,12565,12705,12540,11430,144620800,114672400000,9040000
237440,TIGER 경기방어채권혼합,10130,50,0.5,10124.23,10085,10135,10085,2118,21429125,11143000000,1100000
319640,TIGER 골드선물(H),13795,170,1.25,13755.58,13755,13825,13750,38871,536137900,26210500000,1900000
160580,TIGER 구리실물,10600,75,0.71,10376.01,10540,10790,10525,230768,2419911050,12985000000,1225000
114820,TIGER 국채3년,111010,-35,-0.03,110974.11,111100,111100,111010,3123,346644880,66606000000,600000
302180,TIGER 국채선물10년인버스,48695,-60,-0.12,48810.75,48695,48695,48695,20,973900,5843400000,120000
302170,TIGER 국채선물3년인버스,49750,30,0.06,49788.47,0,0,0,0,0,6965000000,140000
275980,TIGER 글로벌4차산업혁신기술(합성 H),18145,-55,-0.3,18110.29,18200,18200,18100,61474,1115498740,275804000000,15200000
387270,TIGER 글로벌BBIG액티브,9955,-45,-0.45,9938.67,10055,10055,9935,358726,3584514015,19910000000,2000000
276000,TIGER 글로벌자원생산기업(합성 H),13700,-95,-0.69,13653.16,13730,13730,13630,1632,22346865,15070000000,1100000
371450,TIGER 글로벌클라우드컴퓨팅INDXX,10250,-125,-1.2,10208.78,10370,10370,10235,24506,251920230,46330000000,4520000
139310,TIGER 금속선물(H),6895,5,0.07,6862.82,7030,7030,6850,8270,56970720,4826500000,700000
139320,TIGER 금은선물(H),10270,160,1.58,10226.87,10200,10285,10200,24372,249868065,8216000000,800000
137610,TIGER 농산물선물Enhanced(H),6230,-150,-2.35,6250.8,6265,6265,6200,122821,763809055,34888000000,5600000
182490,TIGER 단기선진하이일드(합성 H),12435,-5,-0.04,12421.44,12440,12440,12400,9044,112489160,14922000000,1200000
272580,TIGER 단기채권액티브,50130,5,0.01,50121.94,50125,50130,50125,2853,143013385,211949640000,4228000
157450,TIGER 단기통안채,100215,-5,0,100213.2,100225,100225,100215,2184,218876735,1342680570000,13398000
105010,TIGER 라틴35,3410,-70,-2.01,3430.76,3480,3480,3405,12079,41485015,6820000000,2000000
123320,TIGER 레버리지,25975,-120,-0.46,25993.35,26115,26320,25900,51992,1359495540,31170000000,1200000
174350,TIGER 로우볼,12570,25,0.2,12619.85,12570,12605,12540,6383,80211350,7793400000,620000
147970,TIGER 모멘텀,24925,-45,-0.18,25009.67,25080,25080,24850,1719,42885375,5483500000,220000
182480,TIGER 미국MSCI리츠(합성 H),14155,-40,-0.28,14083.53,14190,14195,14085,18158,256599640,116071000000,8200000
360750,TIGER 미국S&P500,11810,-100,-0.84,11789.79,11905,11905,11800,364948,4321807925,335404000000,28400000
225040,TIGER 미국S&P500레버리지(합성 H),30185,-220,-0.72,30064.24,30245,30300,30185,8543,259504225,102629000000,3400000
143850,TIGER 미국S&P500선물(H),48925,-195,-0.4,48806.62,48920,48990,48890,28618,1400523220,225055000000,4600000
225030,TIGER 미국S&P500선물인버스(H),4020,15,0.37,4025.98,4020,4020,4005,16729,67104095,9246000000,2300000
133690,TIGER 미국나스닥100,68565,-435,-0.63,68395.37,68970,69005,68470,171090,11766450055,754215000000,11000000
203780,TIGER 미국나스닥바이오,19425,-205,-1.04,19295.64,19570,19570,19385,9927,193337935,31080000000,1600000
245340,TIGER 미국다우존스30,19400,-180,-0.92,19356.22,19500,19510,19375,26013,505912645,56260000000,2900000
329750,TIGER 미국달러단기채권액티브,9575,-45,-0.47,9566.23,9625,9625,9560,146243,1401248515,51992250000,5430000
261110,TIGER 미국달러선물레버리지,9125,-90,-0.98,9122.89,9215,9215,9115,3990,36476850,6387500000,700000
261120,TIGER 미국달러선물인버스2X,9880,40,0.41,9938.76,9840,9880,9840,26,255955,7904000000,800000
305080,TIGER 미국채10년선물,11395,-30,-0.26,11394.82,11450,11450,11370,30391,346857765,48998500000,4300000
381170,TIGER 미국테크TOP10 INDXX,9870,-45,-0.45,9844.74,9925,9935,9855,263055,2604474075,127323000000,12900000
381180,TIGER 미국필라델피아반도체나스닥,9455,-25,-0.26,9424.87,9490,9500,9440,481346,4559555975,234011250000,24750000
228810,TIGER 미디어컨텐츠,7700,120,1.58,7726.28,7580,7710,7580,322529,2469815710,35805000000,4650000
091230,TIGER 반도체,37250,110,0.3,37248.85,37485,37485,37035,42609,1585978210,142295000000,3820000
098560,TIGER 방송통신,9830,115,1.18,9826.25,9715,9870,9715,14449,141699270,5701400000,580000
211560,TIGER 배당성장,19535,5,0.03,19531.65,19560,19630,19475,2770,54231480,16409400000,840000
329200,TIGER 부동산인프라고배당,5740,35,0.61,5750.43,5710,5750,5705,126767,726513590,104755000000,18250000
138520,TIGER 삼성그룹펀더멘털,12295,-15,-0.12,12307.66,12310,12395,12250,4652,57197085,22131000000,1800000
157490,TIGER 소프트웨어,17160,185,1.09,17147.62,17020,17200,17020,57703,988946665,75504000000,4400000
228800,TIGER 여행레저,5445,160,3.03,5465.6,5295,5470,5295,1273817,6881564970,65830050000,12090000
227570,TIGER 우량가치,12665,45,0.36,12681.76,12595,12690,12595,4663,58969250,24316800000,1920000
261140,TIGER 우선주,15025,-110,-0.73,15023.17,15100,15135,15000,4454,66909340,8414000000,560000
130680,TIGER 원유선물Enhanced(H),2990,0,0,2989.38,2980,2995,2975,457686,1366175715,88803000000,29700000
217770,TIGER 원유선물인버스(H),6555,-10,-0.15,6558.03,6580,6580,6550,6727,44112815,3605250000,550000
195930,TIGER 유로스탁스50(합성 H),13760,-50,-0.36,13704.64,13800,13805,13690,35991,494891445,66048000000,4800000
225050,TIGER 유로스탁스레버리지(합성 H),9790,-10,-0.1,9748.18,9800,9850,9785,3172,31100895,14685000000,1500000
245350,TIGER 유로스탁스배당30,13195,-40,-0.3,13111.22,13235,13250,13190,4851,64141180,15834000000,1200000
091220,TIGER 은행,7955,-40,-0.5,7973.99,7975,7980,7915,24375,195462375,9068700000,1140000
307510,TIGER 의료기기,18675,70,0.38,18675.42,18755,18795,18650,7598,142156730,8403750000,450000
225060,TIGER 이머징마켓MSCI레버리지(합성 H),15650,265,1.72,15483.09,15525,15675,15475,1690,26332490,9390000000,600000
236350,TIGER 인도니프티50레버리지(합성),18615,-95,-0.51,18474.83,18595,18650,18355,17842,330059095,20476500000,1100000
123310,TIGER 인버스,4230,10,0.24,4233.27,4220,4235,4200,90267,381146840,70218000000,16600000
195920,TIGER 일본TOPIX(합성 H),15920,5,0.03,15857.42,15805,15920,15775,351,5550780,11144000000,700000
248260,TIGER 일본TOPIX헬스케어(합성),11100,-30,-0.27,11044.74,11135,11150,11065,65,722535,11100000000,1000000
241180,TIGER 일본니케이225,17320,-115,-0.66,17339.44,17620,17620,17320,2698,46843550,13856000000,800000
292560,TIGER 일본엔선물,10150,-55,-0.54,10133.38,10130,10190,10130,427,4336190,7105000000,700000
150460,TIGER 중국소비테마,9265,230,2.55,9268.68,9040,9280,9035,711088,6528220075,173718750000,18750000
302190,TIGER 중장기국채,52160,0,0,52117.63,52175,52185,52140,68,3547665,64678400000,1240000
157500,TIGER 증권,5045,25,0.5,5048.11,5030,5060,5005,44285,222813795,7063000000,1400000
307520,TIGER 지주회사,13050,0,0,13072.86,13190,13190,13050,1090,14253465,7830000000,600000
192090,TIGER 차이나CSI300,12270,15,0.12,12277,12300,12330,12220,357969,4397388535,314112000000,25600000
204480,TIGER 차이나CSI300레버리지(합성),34565,-35,-0.1,34766.24,34550,35025,34330,76350,2649964690,155542500000,4500000
217780,TIGER 차이나CSI300인버스(합성),7310,-5,-0.07,7258.67,7340,7380,7305,974,7131130,27778000000,3800000
245360,TIGER 차이나HSCEI,12735,20,0.16,12641.71,12765,13000,12700,76231,972554010,66222000000,5200000
371470,TIGER 차이나바이오테크SOLACTIVE,13155,105,0.8,13164.85,13050,13195,13030,68450,897922660,89454000000,6800000
371460,TIGER 차이나전기차SOLACTIVE,12140,-85,-0.7,12312.6,12300,12360,12120,1227329,15016573760,884277600000,72840000
117690,TIGER 차이나항셍25,17280,230,1.35,17120.2,17070,17280,17050,907,15636715,7776000000,450000
371160,TIGER 차이나항셍테크,10070,-15,-0.15,9974.71,10090,10135,10030,271900,2742593335,175218000000,17400000
232080,TIGER 코스닥150,14050,25,0.18,14088.1,13915,14100,13915,42404,596089735,210188000000,14960000
233160,TIGER 코스닥150 레버리지,14700,-15,-0.1,14758.7,14730,14840,14635,29138,429417180,77910000000,5300000
261060,TIGER 코스닥150IT,15955,65,0.41,15950.24,15890,15985,15870,4923,78495755,7658400000,480000
261070,TIGER 코스닥150바이오테크,12550,-70,-0.55,12672.1,12620,12630,12490,3464,43462905,9287000000,740000
250780,TIGER 코스닥150선물인버스,4770,25,0.53,4777.22,4745,4785,4745,153515,732027160,21703500000,4550000
277630,TIGER 코스피,32170,45,0.14,32197.74,32225,32250,32125,266206,8572129230,48255000000,1500000
210780,TIGER 코스피고배당,14515,15,0.1,14529.65,14535,14540,14430,6195,89702385,24820650000,1710000
277640,TIGER 코스피대형주,15585,-30,-0.19,15643.28,15675,15725,15585,228,3570285,10130250000,650000
277650,TIGER 코스피중형주,17555,40,0.23,17631.09,17545,17640,17480,31902,559476650,15799500000,900000
376410,TIGER 탄소효율그린뉴딜,10085,-25,-0.25,10117.63,10120,10170,10075,34438,347981735,96816000000,9600000
387280,TIGER 퓨처모빌리티액티브,9995,-35,-0.35,9994.84,10045,10095,9965,289000,2899960990,29985000000,3000000
143860,TIGER 헬스케어,43050,-200,-0.46,43240.6,43240,43300,43000,7163,308867570,142065000000,3300000
138540,TIGER 현대차그룹+펀더멘털,26655,-220,-0.82,26684.24,26870,27050,26595,38360,1026447140,127410900000,4780000
228790,TIGER 화장품,4085,95,2.38,4089.06,3980,4090,3980,426007,1729088855,25980600000,6360000
385710,TIMEFOLIO BBIG액티브,9940,-10,-0.1,9952.71,9950,9995,9905,70226,698483505,21868000000,2200000
385720,TIMEFOLIO Kstock액티브,9975,0,0,9984.57,9995,10020,9940,289341,2885856675,25935000000,2600000
108590,TREX 200,42955,-100,-0.23,42944.16,43130,43180,42890,103,4432625,12886500000,300000
145850,TREX 펀더멘탈 200,42300,-105,-0.25,42263.82,42295,42320,42235,10,422655,10575000000,250000
385590,네비게이터 ESG액티브,9955,-55,-0.55,9953.27,10035,10035,9930,146238,1460612835,28869500000,2900000
385600,네비게이터 친환경자동차밸류체인액티브,9895,-85,-0.85,9894.93,9980,10025,9855,106926,1063137240,28695500000,2900000
137930,마이다스 200커버드콜5%OTM,15420,60,0.39,15392.89,15420,15420,15420,33,508860,9252000000,600000
292340,마이티 200커버드콜ATM레버리지,10620,35,0.33,10602.93,10610,10645,10610,4,42495,6372000000,600000
159800,마이티 코스피100,32230,70,0.22,32187.73,32220,32230,32220,63,2030120,9024400000,280000
152870,파워 200,43295,-150,-0.35,43326.2,43430,43565,43265,161,6995730,28141750000,650000
192720,파워 고배당저변동성,31650,240,0.76,31717.51,31405,31650,31405,203,6405885,7596000000,240000
176710,파워 중기국고채,100940,-50,-0.05,100907.68,0,0,0,0,0,6056400000,60000
140950,파워 코스피100,32465,-205,-0.63,32575.68,32590,32655,32445,52,1692090,14284600000,440000
215620,흥국 S&P코리아로우볼,12600,160,1.29,12595.15,12455,12600,12455,45,562155,6048000000,480000
