단축코드,종목명,종가,대비,등락률,시가,고가,저가,거래량,거래대금,시가총액,상장주식수
095570,AJ네트웍스,4640,0,0,4690,4690,4595,130654,604840666,209972801760,45252759
006840,AK홀딩스,9000,10,0.11,9060,9060,8960,10355,93262000,119228049000,13247561
027410,BGF,3960,55,1.41,3950,3970,3905,43665,172463933,379038492360,95716791
282330,BGF리테일,109300,-1100,-1,111500,111500,108800,34431,3767945600,1889130925800,17283906
138930,BNK금융지주,15200,370,2.49,14940,15200,14870,711508,10722507455,4779262340800,314425154
001460,BYC,40200,900,2.29,39500,40200,39250,2387,94616500,251095230000,6246150
001465,BYC우,23800,50,0.21,23750,24000,23600,1721,40960200,51261630000,2153850
001040,CJ,179500,5000,2.87,177000,182900,174000,191488,34317257700,5237271141000,29176998
079160,CJ CGV,5610,70,1.26,5550,5650,5480,475652,2660589055,928912018650,165581465
00104K,CJ4우(전환),156400,2900,1.89,152500,156600,149100,10251,1579898900,661026476800,4226512
000120,CJ대한통운,92900,200,0.22,93500,94000,92200,49663,4610058550,2119266757600,22812344
011150,CJ씨푸드,2750,40,1.48,2720,2755,2680,461963,1262376222,98809625750,35930773
011155,CJ씨푸드1우,14780,-180,-1.2,14950,14950,14730,381,5624500,2956000000,200000
001045,CJ우,90100,1900,2.15,89400,90400,87200,2580,229506050,203646092300,2260223
097950,CJ제일제당,212000,2500,1.19,211000,213000,210000,54421,11535166250,3191487432000,15054186
097955,CJ제일제당 우,139100,2300,1.68,137600,139100,136800,5115,706233150,184645930300,1327433
000480,CR홀딩스,4945,25,0.51,4920,4950,4905,18426,90719837,231873473050,46890490
000590,CS홀딩스,78200,0,0,78200,78900,76500,652,50348100,90280492400,1154482
012030,DB,1430,56,4.08,1377,1431,1377,281447,395930156,287678724190,201173933
005830,DB손해보험,125000,5100,4.25,122600,125400,120500,149030,18477453100,8850000000000,70800000
016610,DB증권,10170,410,4.2,9820,10200,9790,110828,1115025200,431679776130,42446389
000990,DB하이텍,61900,0,0,62500,62600,60900,285807,17584851150,2692933997200,43504588
000300,DH오토넥스,1984,0,0,0,0,0,0,0,162944308992,82129188
001530,DI동일,17880,720,4.2,17060,18050,17060,76032,1345842900,352759526400,19729280
015590,DKME,515,0,0,0,0,0,0,0,122045495160,236981544
000210,DL,39800,1350,3.51,39600,40500,39200,93698,3741495975,834044183200,20955884
000215,DL우,25850,1150,4.66,25300,26450,25050,11332,291036300,43586072750,1686115
375500,DL이앤씨,40500,1350,3.45,39750,40950,39600,187146,7555205575,1567091731500,38693623
37550L,DL이앤씨2우(전환),29600,750,2.6,29650,29650,29350,1765,52098100,62513749600,2111951
37550K,DL이앤씨우,22200,500,2.3,21700,22400,21600,7009,155428125,46928247000,2113885
007340,DN오토모티브,23950,500,2.13,23450,23950,23100,98394,2321489300,1401335216750,58510865
004840,DRB동일,4830,-5,-0.1,4855,4880,4820,8111,39208999,96261900000,19930000
155660,DSR,3865,-10,-0.26,3905,3910,3845,18304,70886410,61840000000,16000000
069730,DSR제강,3500,50,1.45,3455,3530,3455,29120,101964440,50400000000,14400000
017860,DS단석,19560,860,4.6,18710,19570,18710,82726,1595198310,343947186720,17584212
092780,DYP,3400,35,1.04,3365,3430,3315,23645,79878740,44772764000,13168460
017940,E1,84000,1100,1.33,83300,84400,83000,7369,615117000,576240000000,6860000
365550,ESR켄달스퀘어리츠,4470,20,0.45,4460,4470,4435,844452,3743028895,1100017830000,246089000
383220,F&F,71800,200,0.28,72200,73000,70200,111356,7934916530,2750447985000,38307075
007700,F&F홀딩스,19980,270,1.37,19730,20000,19600,18286,362813000,781505052660,39114367
114090,GKL,14250,150,1.06,14170,14290,14030,293668,4151683900,881443297500,61855670
078930,GS,58000,500,0.87,58200,58200,56600,248719,14256027600,5389091924000,92915378
006360,GS건설,19290,750,4.05,18780,19330,18710,642080,12325070240,1650866942100,85581490
001250,GS글로벌,2385,30,1.27,2365,2400,2360,227438,542006032,196843027140,82533764
007070,GS리테일,21750,-150,-0.68,22000,22000,20850,212766,4615248825,1818461276250,83607415
078935,GS우,47800,150,0.31,47650,48000,47550,3472,165793325,85314682800,1784826
499790,GS피앤엘,47450,-2750,-5.48,49600,49800,46800,357015,17035042750,940973405450,19830841
012630,HDC,17400,90,0.52,17480,17500,17120,130419,2254331340,1039505945400,59741721
039570,HDC랩스,8350,-40,-0.48,8390,8430,8300,12691,105873500,216745968350,25957601
089470,HDC현대EP,4055,80,2.01,4010,4055,3975,25092,100899115,129354500000,31900000
294870,HDC현대산업개발,19790,340,1.75,19550,19860,19460,159258,3139138230,1304306060700,65907330
009540,HD한국조선해양,428000,8000,1.9,425000,432500,421500,138981,59488023000,30290893648000,70773116
267250,HD현대,204000,1500,0.74,207500,208000,199550,155125,31483441800,16114589340000,78993085
267270,HD현대건설기계,96900,4200,4.53,95500,97600,92800,177922,17132977800,1681952699700,17357613
443060,HD현대마린솔루션,199800,12000,6.39,193400,199800,193000,279247,55026000700,8956876158000,44829210
071970,HD현대마린엔진,81500,1900,2.39,80200,81800,78800,141868,11494004250,2764601842500,33921495
010620,HD현대미포,223000,3500,1.59,223000,227500,218000,798792,178109931750,8907099227000,39942149
322000,HD현대에너지솔루션,51800,600,1.17,51600,52100,51000,62045,3195038600,580160000000,11200000
042670,HD현대인프라코어,14960,580,4.03,14880,15140,14400,1516461,22591782055,2825214520480,188851238
267260,HD현대일렉트릭,797000,17000,2.18,812000,813000,770000,102748,81070630500,28729566595000,36047135
329180,HD현대중공업,554000,6000,1.09,557000,567000,544000,984466,545991436000,49180306264000,88773116
097230,HJ중공업,20850,600,2.96,20250,21050,20000,885467,18325200775,1882657922400,90295344
014790,HL D&I,2580,35,1.38,2545,2600,2545,54029,138679192,97675190580,37858601
003580,HLB글로벌,2160,60,2.86,2140,2190,2110,159065,343870588,109433170800,50663505
204320,HL만도,42350,950,2.29,42200,42500,41050,369065,15446715500,1988634032000,46957120
060980,HL홀딩스,43250,-200,-0.46,43200,44450,43150,14288,620340175,398482880250,9213477
011200,HMM,19010,300,1.6,18890,19070,18830,891017,16873123520,17930953809700,943237970
035000,HS애드,8890,30,0.34,8780,9000,8780,4463,39535720,147284266010,16567409
002460,HS화성,11840,110,0.94,11730,11920,11610,21232,249233225,120176000000,10150000
487570,HS효성,65000,1500,2.36,64900,65000,63300,14040,901717750,242185255000,3725927
298050,HS효성첨단소재,200500,1600,0.8,203000,204000,199500,7559,1519336300,898229574000,4479948
003560,IHQ,10760,0,0,0,0,0,0,0,76220934800,7083730
015360,INVENI,62500,500,0.81,62600,62700,61800,3915,243895200,356250000000,5700000
175330,JB금융지주,23800,50,0.21,24200,24400,23550,447673,10692319325,4519253503800,189884601
234080,JW생명과학,15200,650,4.47,14560,15220,14540,221728,3290998785,240685220800,15834554
001060,JW중외제약,26200,1150,4.59,25100,26500,25100,152632,3961389325,610091366000,23285930
001067,JW중외제약2우B,60700,0,0,60000,60700,60000,43,2595100,12745361100,209973
001065,JW중외제약우,27850,400,1.46,27850,27850,27850,14,389900,9523335350,341951
096760,JW홀딩스,3670,120,3.38,3560,3720,3560,191752,702723294,271304537140,73924942
008970,KBI동양철관,1997,35,1.78,1963,2015,1963,594827,1185149674,159562111279,79900907
105560,KB금융,124700,3000,2.47,122800,125500,122100,983365,122176824650,47568324244100,381462103
415640,KB발해인프라,9740,40,0.41,9800,9800,9660,132782,1289609965,1193593637520,122545548
432320,KB스타리츠,3670,-80,-2.13,3730,3755,3665,100967,371335762,372190425950,101414285
002380,KCC,415000,7000,1.72,414000,421000,407500,21883,9063714250,3687885465000,8886471
344820,KCC글라스,26900,300,1.13,26600,27050,26600,39759,1067898350,429606772800,15970512
009070,KCTC,5210,160,3.17,5160,5270,5100,165499,858554290,156300000000,30000000
009440,KC그린홀딩스,756,0,0,0,0,0,0,0,17568790596,23239141
119650,KC코트렐,918,0,0,0,0,0,0,0,100782913662,109785309
092220,KEC,699,8,1.16,692,700,690,358721,249483749,140333435559,200763141
003620,KG모빌리티,3310,60,1.85,3270,3325,3255,262487,865760280,669860958720,202374912
016380,KG스틸,5370,130,2.48,5270,5370,5270,104135,554336200,537047776890,100008897
001390,KG케미칼,5350,70,1.33,5310,5520,5230,647987,3466705200,366309364000,68469040
033180,KH 필룩스,5310,0,0,0,0,0,0,0,138166306200,26020020
001940,KISCO홀딩스,25900,100,0.39,25700,26200,25550,3129,81153750,367168242000,14176380
025000,KPX케미칼,52900,0,0,52800,53100,50700,18236,947797050,256036000000,4840000
092230,KPX홀딩스,71900,600,0.84,71200,72000,70500,2119,151488450,303752047400,4224646
000040,KR모터스,461,6,1.32,461,465,455,69469,32029124,39818959824,86375184
044450,KSS해운,9480,90,0.96,9400,9630,9280,63969,609067245,218854142400,23085880
030200,KT,50200,350,0.7,50200,50300,49900,241727,12171730077,12651488587000,252021685
033780,KT&G,142600,2400,1.71,141000,142700,140300,479813,67958094850,16823469577000,117976645
058850,KTcs,2850,5,0.18,2860,2870,2840,186862,532911252,121652250000,42685000
058860,KTis,2735,5,0.18,2730,2740,2715,62747,171174440,95183470000,34802000
093050,LF,17690,440,2.55,17260,17700,17070,32530,571752200,517255600000,29240000
003550,LG,79900,1500,1.91,79700,80600,78700,204881,16404218700,12322304641500,154221585
034220,LG디스플레이,12620,390,3.19,12390,12630,12270,1061797,13311018400,6310000000000,500000000
051900,LG생활건강,285500,3000,1.06,283500,286500,282000,33598,9570884500,4368852044500,15302459
051905,LG생활건강우,117300,1600,1.38,115700,117800,115700,4682,547520200,246294458100,2099697
064400,LG씨엔에스,58000,1300,2.29,57300,58300,57100,524896,30362302900,5619384984000,96885948
373220,LG에너지솔루션,435500,22000,5.32,419000,436000,418500,415285,178248735750,101907000000000,234000000
003555,LG우,67200,1300,1.97,66600,67300,66000,9505,636852600,202352572800,3011199
032640,LG유플러스,15290,90,0.59,15000,15320,14990,756764,11513457095,6572075547950,429828355
011070,LG이노텍,242500,6500,2.75,240500,242500,236000,89905,21487546750,5739273447500,23667107
066570,LG전자,86500,1300,1.53,86200,86500,84700,455906,39172241500,14089672475500,162886387
066575,LG전자우,47600,900,1.93,46950,47600,46550,89986,4222762625,818053219200,17185992
037560,LG헬로비전,2340,25,1.08,2305,2355,2305,44689,104571217,181225664100,77446865
051910,LG화학,397000,34000,9.37,369500,397500,369000,504358,196277069250,28025160171000,70592343
051915,LG화학우,197900,14500,7.91,184500,198400,184500,63232,12338863300,1521613520000,7688800
079550,LIG넥스원,392000,7500,1.95,389000,393500,383000,76672,29864216500,8624000000000,22000000
006260,LS,178500,1100,0.62,180300,180700,175100,163876,29110789050,5658450000000,31700000
010120,LS ELECTRIC,448500,8500,1.93,448500,458500,428000,181758,80954311000,13455000000000,30000000
000680,LS네트웍스,3115,90,2.98,3065,3120,3030,94204,290581847,245471394840,78803016
229640,LS에코에너지,34900,650,1.9,34600,34900,34050,73009,2524586525,1068808277100,30624879
108320,LX세미콘,51500,400,0.78,51100,52000,51100,19977,1028588650,837611450000,16264300
001120,LX인터내셔널,30850,350,1.15,30650,30850,30550,47819,1470308825,1195746000000,38760000
108670,LX하우시스,30850,1000,3.35,29950,31000,29950,18339,563052750,276652619500,8967670
108675,LX하우시스우,17060,60,0.35,17000,17190,17000,174,2971330,17611549800,1032330
383800,LX홀딩스,7950,110,1.4,7840,7960,7800,146349,1157803840,606431485500,76280690
38380K,LX홀딩스1우,8590,240,2.87,8350,8590,8350,788,6611850,12586798150,1465285
023150,MH에탄올,4995,60,1.22,4935,5000,4935,2690,13368035,36855737370,7378526
035420,NAVER,263500,10500,4.15,255000,264500,252000,944519,244397399750,41330670113000,156852638
181710,NHN,33600,750,2.28,32850,33750,32700,67931,2271825875,1134541732800,33766123
400760,NH올원리츠,3495,5,0.14,3485,3500,3480,113282,395577958,191977816125,54929275
005940,NH투자증권,21000,450,2.19,20750,21050,20700,517463,10803334375,7483231749000,356344369
005945,NH투자증권우,18960,340,1.83,18670,18970,18650,40815,767087225,357793553280,18870968
338100,NH프라임리츠,4860,-15,-0.31,4870,4885,4840,173550,843678440,90687600000,18660000
034310,NICE,14000,160,1.16,13840,14010,13680,68701,955909245,519798188000,37128442
030190,NICE평가정보,17300,380,2.25,16980,17400,16950,76787,1325237720,1029464058900,59506593
008260,NI스틸,3290,-5,-0.15,3300,3310,3275,75411,248184600,94094384930,28600117
004250,NPC,3850,25,0.65,3825,3875,3825,17616,67866375,141372000000,36720000
004255,NPC우,2525,65,2.64,2460,2525,2445,12098,30004260,13332000000,5280000
456040,OCI,58600,1300,2.27,58200,58700,57800,22446,1307891450,524616207000,8952495
010060,OCI홀딩스,102100,2300,2.3,102100,102400,99900,47184,4778528700,1921003025700,18814917
178920,PI첨단소재,16420,500,3.14,16090,16420,16010,64538,1046433945,482195007240,29366322
001340,PKC,5880,320,5.76,5560,5900,5550,111828,637179300,264120233160,44918407
005490,POSCO홀딩스,317500,16500,5.48,305500,318500,304000,382573,119568146500,25696212260000,80932952
010950,S-Oil,80900,500,0.62,80500,81500,79400,346957,27837371300,9107947872800,112582792
010955,S-Oil우,46400,-350,-0.75,46550,47150,45800,35804,1652384325,186617412800,4021927
034120,SBS,19240,10,0.05,19270,19500,19200,19952,383896280,356925819120,18551238
003080,SB성보,2905,15,0.52,2870,2935,2870,52047,151034830,58158100000,20020000
005090,SGC에너지,23000,50,0.22,23000,23200,22950,12360,284631500,331414659000,14409333
001380,SG글로벌,1734,9,0.52,1725,1737,1710,58211,100395467,77967823962,44964143
004060,SG세계물산,331,-16,-4.61,354,357,328,8192124,2789523631,67002661760,202424960
001770,SHD,17760,-10,-0.06,17770,17770,17580,813,14349280,21576233280,1214878
002360,SH에너지화학,391,7,1.82,383,395,381,380080,147671615,43453288430,111133730
009160,SIMPAC,4865,80,1.67,4760,4900,4760,101150,490640146,318314595340,65429516
033530,SJG세종,8110,0,0,8120,8300,8030,236569,1917330345,225627993710,27820961
123700,SJM,3640,10,0.28,3645,3675,3605,40108,145794115,56801828720,15604898
025530,SJM홀딩스,3785,60,1.61,3710,3800,3710,4169,15641845,56525220280,14934008
034730,SK,251000,2000,0.8,252000,252000,245000,176681,43978819250,18198178453000,72502703
011790,SKC,110800,3900,3.65,108500,110800,107600,136327,14901032350,4195807418400,37868298
018670,SK가스,245000,1500,0.62,244000,246000,241000,8999,2188245750,2265084780000,9245244
001740,SK네트웍스,4500,45,1.01,4465,4520,4460,222446,997834765,995750559000,221277902
006120,SK디스커버리,62100,1700,2.81,61000,62500,60500,21330,1319055600,1139401795500,18347855
006125,SK디스커버리우,39550,550,1.41,39400,39850,39200,5173,204737750,51907595250,1312455
210980,SK디앤디,12640,10,0.08,12650,12670,12630,10932,138198430,235323708480,18617382
395400,SK리츠,5280,60,1.15,5220,5300,5210,849657,4446055545,1563836392800,296181135
302440,SK바이오사이언스,52700,2300,4.56,51200,53900,51100,191302,10121358400,4130053941500,78369145
326030,SK바이오팜,140700,11700,9.07,132000,142000,131400,886714,123333720550,11018674275000,78313250
402340,SK스퀘어,291000,500,0.17,294000,295000,285000,536219,155630989500,38569389678000,132540858
361610,SK아이이테크놀로지,28200,1550,5.82,27150,28200,27000,121226,3370976025,2306396220000,81787100
100090,SK오션플랜트,18700,-60,-0.32,18770,18940,18470,600883,11199372065,1168341012300,62478129
03473K,SK우,186000,2200,1.2,184000,187800,181800,2328,429249300,105301110000,566135
096770,SK이노베이션,117200,6200,5.59,111900,117200,111800,247969,28653776600,19812986753600,169052788
096775,SK이노베이션우,76100,3200,4.39,73000,76400,73000,2166,162284450,95005218600,1248426
475150,SK이터닉스,19600,1410,7.75,18250,19780,18150,505588,9687714855,661579223200,33754042
001510,SK증권,665,14,2.15,657,667,654,1152633,761776573,314272463715,472590171
001515,SK증권우,2190,35,1.62,2185,2190,2145,4723,10227895,8568405660,3912514
285130,SK케미칼,70500,2200,3.22,69300,72000,69200,55050,3888634100,1219563003000,17298766
28513K,SK케미칼우,29550,900,3.14,28700,29850,28700,5984,176125525,62510926950,2115429
017670,SK텔레콤,54100,600,1.12,53900,54200,53600,776549,41941428950,11620141867300,214790053
000660,SK하이닉스,524000,5000,0.96,513000,528000,501000,5127393,2642296735780,381473239260000,728002365
003570,SNT다이내믹스,42700,700,1.67,41100,42700,41100,41863,1768985325,1419890161900,33252697
064960,SNT모티브,30750,950,3.19,30050,30750,29900,26115,790742875,816113364000,26540272
100840,SNT에너지,37850,550,1.47,37400,38250,36650,83181,3130411050,782767636550,20680783
036530,SNT홀딩스,55800,0,0,55800,56600,54500,13832,765468950,909756838800,16303886
005610,SPC삼립,50400,100,0.2,50300,50600,50200,6463,325140100,434902053600,8629009
011810,STX,3530,0,0,0,0,0,0,0,109493282310,31017927
465770,STX그린로지스,6400,120,1.91,6310,6520,6300,19435,125315010,45894604800,7171032
077970,STX엔진,32300,1800,5.9,30600,33000,30400,483162,15529549775,1296782434900,40148063
002820,SUN&L,2340,-10,-0.43,2370,2370,2320,2889,6768700,29502694260,12607989
084870,TBH글로벌,1298,-13,-0.99,1310,1310,1266,33776,43245173,27072151062,20856819
002710,TCC스틸,15740,790,5.28,15190,15740,15120,93556,1447696300,412603590780,26213697
069260,TKG휴켐스,18720,520,2.86,18320,18720,18200,116539,2165072145,765247167360,40878588
007980,TP,1799,31,1.75,1770,1805,1770,207689,371887775,92064058870,51175130
002900,TYM,6330,280,4.63,6160,6430,6120,731984,4623441470,285172551480,45050956
024070,WISCOM,1843,14,0.77,1875,1875,1826,1462,2679352,28246625234,15326438
037270,YG PLUS,6120,100,1.66,6020,6150,6020,419787,2561341355,389618233200,63663110
139130,iM금융지주,14450,230,1.62,14350,14450,14220,314589,4520567280,2341689923700,162054666
000500,가온전선,73800,4100,5.88,71200,73900,69000,73516,5323332900,1220881887000,16543115
000860,강남제비스코,11900,170,1.45,11840,11920,11750,12162,143923820,154700000000,13000000
035250,강원랜드,17870,340,1.94,17650,17870,17530,395664,7032630060,3823116735000,213940500
011420,갤럭시아에스엠,1959,81,4.31,1878,1985,1878,221619,429549827,53969752596,27549644
002100,경농,9230,10,0.11,9220,9250,9160,13363,122949580,180193367250,19522575
009450,경동나비엔,57100,2400,4.39,55000,57100,54800,40126,2260157200,831866603200,14568592
267290,경동도시가스,21300,100,0.47,21200,21300,21050,10530,223099950,125572147800,5895406
012320,경동인베스트,50900,900,1.8,50200,51200,50200,2550,129262400,120379670700,2365023
000050,경방,7040,90,1.29,7000,7130,6950,44859,315701700,193003500800,27415270
214390,경보제약,5820,-20,-0.34,5800,6000,5780,20869,122447190,139137925200,23906860
012610,경인양행,2805,25,0.9,2800,2820,2780,29701,83079697,116733903825,41616365
009140,경인전자,20400,0,0,20450,20450,20250,833,16937300,32044258800,1570797
013580,계룡건설,18210,160,0.89,18060,18260,17910,34196,619415090,162631816470,8930907
012200,계양전기,1377,7,0.51,1371,1378,1360,8761,11987729,37485835533,27222829
012205,계양전기우,2865,5,0.17,2870,2890,2860,221,632175,3349411335,1169079
002140,고려산업,2480,55,2.27,2430,2490,2430,36650,90594874,61849774000,24939425
010130,고려아연,1160000,22000,1.93,1152000,1168000,1142000,17028,19685553500,22438185080000,19343263
002240,고려제강,18260,60,0.33,18200,18560,17930,61882,1116939555,493020000000,27000000
009290,광동제약,5970,120,2.05,5880,5990,5880,52133,310866295,312952480470,52420851
017040,광명전기,1313,41,3.22,1272,1318,1272,155369,202098938,56902288495,43337615
017900,광전자,1805,-8,-0.44,1813,1831,1800,36670,66267557,104588492215,57943763
037710,광주신세계,30350,50,0.17,30300,30500,30050,26421,801852825,241500716500,7957190
030610,교보증권,9130,20,0.22,9120,9200,9060,125145,1142895410,1040481833930,113962961
339770,교촌에프앤비,4420,85,1.96,4340,4420,4340,44260,194356637,220845653600,49965080
007690,국도화학,31550,650,2.1,31200,31700,31150,8979,282255850,292179249600,9260832
001140,국보,2110,0,0,0,0,0,0,0,33456978680,15856388
002720,국제약품,4340,100,2.36,4255,4375,4235,114941,497316812,91833670880,21159832
083420,그린케미칼,6630,150,2.31,6440,6690,6440,33695,222330195,159120000000,24000000
014530,극동유화,3330,25,0.76,3305,3345,3300,81452,270740040,116115168600,34869420
014280,금강공업,6310,350,5.87,6100,6900,5970,10617893,69308805175,185068242670,29329357
014285,금강공업우,9540,1060,12.5,8800,11020,8800,116326,1181199480,5627407500,589875
008870,금비,53900,-700,-1.28,53500,54300,53500,5891,318088700,53900000000,1000000
001570,금양,9900,0,0,0,0,0,0,0,633275240400,63967196
002990,금호건설,3690,105,2.93,3585,3715,3585,31419,115652770,136518044400,36996760
002995,금호건설우,11050,-40,-0.36,10890,11050,10890,324,3544810,3229539300,292266
011780,금호석유화학,118400,4800,4.23,115400,121700,115400,122422,14573983050,3082158252800,26031742
011785,금호석유화학우,63400,1400,2.26,62000,64200,62000,6264,398638200,191689012400,3023486
214330,금호에이치티,547,15,2.82,532,547,532,187727,101280993,119271440970,218046510
001210,금호전기,600,3,0.5,597,608,594,146290,87679925,36932398200,61553997
073240,금호타이어,5520,170,3.18,5450,5530,5360,531075,2899298145,1585676784240,287260287
092440,기신정기,2310,10,0.43,2295,2330,2295,9154,21055864,67452000000,29200000
000270,기아,113200,2000,1.8,113200,113200,111600,527546,59391446750,44576945364000,393789270
024110,기업은행,20450,300,1.49,20450,20450,20250,507023,10340766700,16307359021050,797425869
013700,까뮤이앤씨,1068,4,0.38,1070,1070,1060,26405,28051993,63813886440,59750830
004540,깨끗한나라,1953,3,0.15,1946,1984,1943,21724,42408344,72731073429,37240693
004545,깨끗한나라우,11010,-130,-1.17,11140,11140,11010,1033,11375790,4031421600,366160
001260,남광토건,7400,190,2.64,7230,7420,7230,15659,115193150,72761032800,9832572
008350,남선알미늄,1031,14,1.38,1016,1037,1016,223804,230030520,133080541790,129079090
008355,남선알미우,12080,-370,-2.97,12100,12220,12080,740,8957890,3719311200,307890
004270,남성,850,-7,-0.82,857,857,831,98797,82679425,30780336000,36212160
003920,남양유업,50700,700,1.4,50300,50900,50000,3676,185146000,304200000000,6000000
003925,남양유업우,34550,400,1.17,34150,34600,34000,3549,121655300,69100000000,2000000
025860,남해화학,6540,140,2.19,6400,6560,6390,34270,222219030,324899633220,49678843
005720,넥센,5700,100,1.79,5600,5700,5540,13566,76516930,305200668900,53543977
005725,넥센우,4415,-65,-1.45,4345,4485,4345,139,614655,15896649000,3600600
002350,넥센타이어,7320,40,0.55,7280,7400,7220,130724,956980990,714928859640,97667877
002355,넥센타이어1우B,3600,30,0.84,3610,3755,3530,16010,57638560,23400000000,6500000
092790,넥스틸,10250,130,1.28,10120,10350,10050,99812,1018349575,266520500000,26002000
251270,넷마블,53800,2100,4.06,52600,54500,52100,199259,10708753750,4624298407600,85953502
090350,노루페인트,8090,-10,-0.12,8100,8170,8090,74549,604170380,161800000000,20000000
090355,노루페인트우,13250,100,0.76,13280,13280,13250,70,932110,6136419500,463126
000320,노루홀딩스,21700,400,1.88,21500,22050,21350,15570,336406200,288417976700,13291151
000325,노루홀딩스우,31150,350,1.14,31900,31900,30800,82,2558450,7586862850,243559
006280,녹십자,134300,4600,3.55,130600,135300,130400,45225,6047259050,1569502053400,11686538
005250,녹십자홀딩스,16010,630,4.1,15530,16060,15500,76082,1210413560,752921642100,47028210
005257,녹십자홀딩스2우,24450,450,1.88,24050,24800,24050,490,12061950,20684455500,845990
004370,농심,447500,6000,1.36,445500,448500,440000,27507,12256638500,2721982295000,6082642
072710,농심홀딩스,94900,1400,1.5,93100,95300,92500,19290,1819444950,440126271000,4637790
058730,다스코,3195,-70,-2.14,3320,3360,3175,1406084,4577156747,60056226495,18796941
030210,다올투자증권,3455,125,3.75,3320,3465,3320,69527,236899435,210447871230,60911106
023590,다우기술,36400,600,1.68,35850,36550,35750,35433,1282622075,1633144858800,44866617
145210,다이나믹디자인,808,7,0.87,794,820,790,36158,29218170,30537319296,37793712
483650,달바글로벌,129200,-1500,-1.15,129300,130300,128200,51905,6694757550,1594833818000,12343915
019680,대교,1994,-2,-0.1,1983,1995,1965,144022,285240440,168897482900,84702850
019685,대교우B,1217,-1,-0.08,1215,1218,1210,7995,9720225,23642646830,19426990
006370,대구백화점,5870,130,2.26,5780,5900,5740,12571,73119880,63522856570,10821611
008060,대덕,10320,-110,-1.05,10500,10500,10210,121340,1252470525,349746348000,33890150
00806K,대덕1우,9310,-50,-0.53,9540,9540,9280,5782,53837550,11287043670,1212357
353200,대덕전자,50600,-2300,-4.35,53800,53900,49150,1874873,95144004750,2500496405000,49416925
35320K,대덕전자1우,16520,-380,-2.25,16970,16970,16260,35088,580044960,34617973880,2095519
000490,대동,9700,290,3.08,9660,9750,9510,132026,1276469445,256008782600,26392658
008110,대동전자,15040,0,0,0,0,0,0,0,157776322880,10490447
005750,대림바스,5170,-120,-2.27,5440,5440,5020,109152,565549515,86195480800,16672240
006570,대림통상,2330,-20,-0.85,2350,2390,2330,7106,16673320,35474250000,15225000
001680,대상,20900,300,1.46,20700,20900,20550,52769,1095961350,724143722500,34648025
001685,대상우,16690,0,0,16690,16780,16560,5607,93623645,22869021870,1370223
084690,대상홀딩스,9520,190,2.04,9320,9590,9320,88763,844234420,344743361760,36212538
084695,대상홀딩스우,13610,110,0.81,13490,13760,13410,15013,203253560,12432490020,913482
128820,대성산업,4710,5,0.11,5500,5600,4645,6695974,33481554432,213059101380,45235478
117580,대성에너지,8050,70,0.88,8040,8110,7990,60079,482569470,221375000000,27500000
016710,대성홀딩스,8560,140,1.66,8560,8560,8360,8263,69869060,137725769040,16089459
0030R0,대신밸류리츠,4530,30,0.67,4510,4555,4500,50322,228141945,270803400000,59780000
003540,대신증권,26650,550,2.11,26300,26700,26000,157395,4159296550,1353111110000,50773400
003547,대신증권2우B,19780,80,0.41,19800,19840,19630,54048,1063769950,197800000000,10000000
003545,대신증권우,20650,100,0.49,20700,20700,20300,184075,3760483350,536900000000,26000000
009190,대양금속,1414,-1,-0.07,1414,1416,1389,82044,115067745,61074371750,43192625
014160,대영포장,1037,25,2.47,1012,1039,1012,159051,163863743,112405147313,108394549
047040,대우건설,3540,110,3.21,3470,3545,3445,1265577,4450147706,1471304138520,415622638
003090,대웅,23750,1150,5.09,22850,24100,22700,141955,3358524050,1380872025000,58141980
069620,대웅제약,175300,9900,5.99,169200,176100,166000,56894,9861629100,2031126597500,11586575
000430,대원강업,3750,50,1.35,3695,3805,3690,46955,174733710,232500000000,62000000
006340,대원전선,3780,150,4.13,3660,3845,3650,5308549,19845066109,288615368160,76353272
006345,대원전선우,3830,20,0.52,3805,3910,3740,42602,162725300,10039196000,2621200
003220,대원제약,12500,240,1.96,12280,12540,12250,44406,550558515,280344787500,22427583
024890,대원화성,769,4,0.52,790,790,757,21258,16237833,31720597888,41249152
002880,대유에이텍,1045,45,4.5,1009,1046,992,72012,73584392,48878824775,46773995
012800,대창,1220,11,0.91,1207,1222,1207,228804,277665809,111191408780,91140499
015230,대창단조,6440,30,0.47,6510,6550,6360,82608,533299525,184005161200,28572230
001070,대한방직,6430,20,0.31,6330,6440,6320,2842,18118555,34079000000,5300000
006650,대한유화,150600,15000,11.06,140000,151900,140000,99654,14834055850,978900000000,6500000
001440,대한전선,22200,350,1.6,22000,22300,21600,2072423,45586434900,4139130060000,186447300
084010,대한제강,16180,300,1.89,15840,16390,15800,31225,499290555,378844943460,23414397
001790,대한제당,2865,35,1.24,2840,2870,2825,165976,472823597,256980701700,89696580
001795,대한제당우,2470,5,0.2,2470,2477,2450,37079,91285489,16012417200,6482760
001130,대한제분,140500,1100,0.79,139800,141500,138400,2235,313545700,237445000000,1690000
439260,대한조선,63200,1500,2.43,61800,63200,61400,243133,15196051750,2434862918400,38526312
003490,대한항공,21700,600,2.84,21250,21750,21200,994779,21495030825,7990388343700,368220661
003495,대한항공우,24000,200,0.84,24200,24300,23850,4717,113702050,26659056000,1110794
005880,대한해운,1753,63,3.73,1695,1754,1692,1694293,2933563867,565776087020,322747340
003830,대한화섬,118400,-700,-0.59,118300,120000,118000,71,8466800,157235200000,1328000
016090,대현,1730,2,0.12,1730,1734,1707,92667,159505155,76608396300,44282310
069460,대호에이엘,1786,-29,-1.6,1833,1850,1768,628344,1131627001,155510506272,87071952
475560,더본코리아,25150,50,0.2,24850,25200,24850,12841,321787600,371632496000,14776640
192080,더블유게임즈,52700,1000,1.93,52000,52800,51800,25147,1319421700,1132834246200,21495906
012510,더존비즈온,93300,1100,1.19,92100,94300,91500,113286,10566142800,2834713747200,30382784
004830,덕성,4945,80,1.64,4865,4975,4835,42367,208835320,77537600000,15680000
004835,덕성우,7240,210,2.99,7050,7310,6960,8115,57682000,10078080000,1392000
145720,덴티움,50800,2050,4.21,49200,50900,49200,26905,1352841450,562296564000,11068830
002150,도화엔지니어링,6310,100,1.61,6330,6350,6220,55197,348037965,212773200000,33720000
460850,동국씨엠,5330,30,0.57,5310,5390,5300,22269,118690495,159359836480,29898656
460860,동국제강,8400,160,1.94,8250,8400,8250,107428,896110255,416707342800,49608017
001230,동국홀딩스,7320,-50,-0.68,7410,7510,7250,53876,394914630,232779535560,31800483
023450,동남합성,30000,0,0,30000,30300,29900,2173,65226925,105000000000,3500000
004140,동방,2715,80,3.04,2660,2740,2655,177850,481042989,130243344690,47971766
007590,동방아그로,6110,-10,-0.16,6110,6110,6090,679,4142260,83203395470,13617577
005960,동부건설,5610,90,1.63,5520,5630,5510,25114,140146160,128730779430,22946663
005965,동부건설우,14980,280,1.9,14630,15100,14630,1651,24652360,3381465360,225732
026960,동서,27550,200,0.73,27700,27700,27400,47233,1301693775,2746735000000,99700000
002210,동성제약,973,0,0,0,0,0,0,0,25900780311,26619507
102260,동성케미컬,4685,200,4.46,4600,4817,4495,1171275,5515689696,235078265835,50176791
000640,동아쏘시오홀딩스,113200,3200,2.91,110000,113500,108800,18347,2062234550,739924328800,6536434
170900,동아에스티,53700,2100,4.07,52100,54100,51700,31823,1698433400,502237036500,9352645
028100,동아지질,15670,0,0,15750,15760,15520,29644,464009720,209813496340,13389502
001520,동양,810,9,1.12,804,834,800,2223946,1809427805,193334091030,238684063
001527,동양2우B,8520,50,0.59,8510,8700,8510,5149,43949050,2629007880,308569
084670,동양고속,14120,-1480,-9.49,17080,17120,13410,1231831,18233369380,40885434280,2895569
082640,동양생명,6540,210,3.32,6330,6540,6330,130525,845557455,1055285145900,161358585
001525,동양우,4770,-15,-0.31,4775,4775,4710,4087,19387890,2946576870,617731
018500,동원금속,1291,20,1.57,1279,1294,1274,138258,177695527,60360618503,46754933
006040,동원산업,44700,850,1.94,44150,44750,43500,40167,1779863875,1973414974200,44147986
030720,동원수산,6020,-20,-0.33,6040,6080,5970,56397,339637885,28015906100,4653805
014820,동원시스템즈,27250,1550,6.03,25950,27250,25800,28108,750918100,790012434500,28991282
014825,동원시스템즈우,17920,30,0.17,17880,17920,17880,89,1594760,4732869120,264111
111380,동인기연,13120,30,0.23,13050,13350,13050,2073,27193420,80399360000,6128000
163560,동일고무벨트,6950,90,1.31,6860,7000,6860,36057,249215820,96605000000,13900000
004890,동일산업,38150,-750,-1.93,39000,39200,38150,535,20519000,92521952250,2425215
002690,동일제강,1625,-2,-0.12,1627,1640,1612,13069,21248925,32988085000,20300360
000020,동화약품,6180,90,1.48,6130,6220,6100,48891,302213870,172616484600,27931470
000150,두산,854000,24000,2.89,827000,859000,806000,146191,123292299000,14111355090000,16523835
000157,두산2우B,463500,21500,4.86,442000,467000,425000,2006,891880000,413923113000,893038
454910,두산로보틱스,72000,2700,3.9,70000,72000,69600,136537,9686209850,4667038560000,64819980
241560,두산밥캣,57400,2400,4.36,56500,57400,55100,202171,11519166400,5502138131000,95856065
034020,두산에너빌리티,77700,4200,5.71,74600,78400,74400,4463298,344168822500,49771601044200,640561146
000155,두산우,529000,12000,2.32,517000,532000,495000,29254,15087236500,2114128398000,3996462
336260,두산퓨얼셀,31200,850,2.8,30450,31300,29650,710428,21931102975,2043404251200,65493726
33626K,두산퓨얼셀1우,7550,210,2.86,7340,7550,7340,12794,95723365,100899710000,13364200
33626L,두산퓨얼셀2우B,11370,150,1.34,11230,11400,11190,4033,45364850,33954231000,2986300
016740,두올,3785,30,0.8,3775,3785,3720,73304,275062941,108531180840,28674024
192650,드림텍,6890,60,0.88,6830,6890,6750,107539,732757615,474652382490,68890041
024090,디씨엠,12370,0,0,12380,12490,12230,3605,44406990,141018000000,11400000
003160,디아이,21050,250,1.2,21300,21650,20500,747100,15621758900,595715000000,28300000
092200,디아이씨,6510,-250,-3.7,6820,6890,6250,2500203,16223875860,253164584190,38888569
377190,디앤디플랫폼리츠,3515,35,1.01,3480,3530,3465,118099,414302005,310726000000,88400000
013570,디와이,4265,55,1.31,4220,4275,4185,48490,204637385,112253234745,26319633
024900,디와이덕양,2110,-20,-0.94,2150,2150,2100,79262,167641045,68712107800,32564980
210540,디와이파워,13100,180,1.39,13010,13400,12800,135648,1780494955,144646374800,11041708
032350,롯데관광개발,20300,-400,-1.93,20950,21250,20100,1162195,23817017725,1614651525200,79539484
089860,롯데렌탈,32250,0,0,32150,32650,32000,42195,1364286325,1170977763000,36309388
330590,롯데리츠,4035,55,1.38,3980,4035,3975,367792,1477359701,1165989446940,288968884
000400,롯데손해보험,1773,33,1.9,1732,1800,1732,238990,422226674,550226295360,310336320
023530,롯데쇼핑,72000,900,1.27,72300,72400,70800,49144,3520048950,2036790360000,28288755
020150,롯데에너지머티리얼즈,42800,50,0.12,44050,44400,40400,881094,37041352175,2241241816400,52365463
280360,롯데웰푸드,123000,700,0.57,123700,124400,121500,11816,1453379300,1144462602000,9304574
286940,롯데이노베이트,19540,880,4.72,18800,19670,18780,16448,317255985,295627831180,15129367
004000,롯데정밀화학,45250,1000,2.26,44500,45250,44500,45967,2067161750,1167450000000,25800000
004990,롯데지주,27750,-1800,-6.09,30000,30200,26650,1310577,36498020175,2911231326750,104909237
00499K,롯데지주우,29250,-1400,-4.57,30650,31250,28300,4115,119199500,23563887750,805603
005300,롯데칠성,115500,-4200,-3.51,122300,122300,113400,48283,5614366550,1071711102000,9278884
005305,롯데칠성우,67900,-400,-0.59,67900,68600,67000,3617,245826550,52643549000,775310
011170,롯데케미칼,75600,1100,1.48,77400,83600,71000,560927,42710660450,3233821676400,42775419
071840,롯데하이마트,7600,100,1.33,7630,7630,7490,18726,141691690,179418611200,23607712
027740,마니커,780,9,1.17,785,785,768,108726,84383744,49538757840,63511228
357430,마스턴프리미어리츠,1575,15,0.96,1555,1575,1555,13698,21392308,48045858525,30505307
001080,만호제강,38000,250,0.66,37950,43000,36400,64496,2566605450,157700000000,4150000
088980,맥쿼리인프라,11550,110,0.96,11450,11570,11450,1077138,12425252695,5531549019150,478921993
094800,맵스리얼티,5340,0,0,5300,5350,5300,43110,229919640,495735327540,92834331
138040,메리츠금융지주,110600,3100,2.88,109000,110900,108500,212157,23340366850,19379528093800,175221773
090370,메타랩스,1497,-13,-0.86,1545,1545,1450,155807,234946130,37282319433,24904689
118000,메타케어,305,3,0.99,302,305,301,349670,105959249,52392096020,171777364
017180,명문제약,1718,9,0.53,1699,1737,1695,29297,50424187,58332033972,33953454
009900,명신산업,8370,220,2.7,8200,8370,8170,78885,651812885,439175013210,52470133
317450,명인제약,73600,6100,9.04,67600,74300,67500,262311,18986643500,1074560000000,14600000
012690,모나리자,2165,10,0.46,2155,2185,2145,111196,240660745,79176767075,36571255
005360,모나미,1970,10,0.51,1997,1997,1956,61954,121891579,37227694790,18897307
070960,모나용평,3335,60,1.83,3305,3360,3275,99573,331612027,160524665555,48133333
009680,모토닉,10720,240,2.29,10530,10720,10430,30482,321212750,300696000000,28050000
009580,무림P&P,2530,20,0.8,2505,2535,2505,33679,84955645,157791859720,62368324
009200,무림페이퍼,1994,5,0.25,1998,2005,1988,41510,82743424,82968964140,41609310
033920,무학,8120,160,2.01,8010,8130,7920,33116,266464955,231420000000,28500000
008420,문배철강,2050,30,1.49,2025,2070,2015,41907,85665175,42032185250,20503505
025560,미래산업,12970,450,3.59,12550,13800,12550,195812,2567739815,58140022380,4482654
007120,미래아이앤지,821,0,0,826,827,821,7177,5908071,23709337168,28878608
396690,미래에셋글로벌리츠,2645,10,0.38,2640,2650,2630,56279,148658660,104757711300,39605940
357250,미래에셋맵스리츠,2775,15,0.54,2760,2775,2760,67215,185858510,69361416375,24995105
085620,미래에셋생명,9070,110,1.23,8900,9240,8850,44585,406310170,1605536834230,177016189
006800,미래에셋증권,22500,1500,7.14,21400,22500,21400,3726321,82219866400,12832119180000,570316408
00680K,미래에셋증권2우B,10030,430,4.48,9650,10030,9640,480809,4761074095,1379125000000,137500000
006805,미래에셋증권우,10510,420,4.16,10120,10510,10110,36211,375061610,147936132500,14075750
081660,미스토홀딩스,41900,250,0.6,41900,41950,41300,95873,4002346450,2518015654100,60095839
002840,미원상사,145700,900,0.62,144800,145900,144800,1595,231356450,692075000000,4750000
268280,미원에스씨,138600,4300,3.2,139200,139800,135700,3341,462843200,693000000000,5000000
107590,미원홀딩스,67000,0,0,67000,67100,67000,251,16824200,155440000000,2320000
134380,미원화학,87000,-100,-0.11,87100,87100,86300,251,21764100,191336316000,2199268
003650,미창석유,109200,700,0.65,108500,110100,108400,964,105081100,189972182400,1739672
377740,바이오노트,5570,70,1.27,5510,5620,5510,22034,122790210,568452187360,102056048
003610,방림,5620,130,2.37,5490,5640,5390,138512,765993305,225936127960,40202158
035150,백산,13250,280,2.16,12980,13300,12900,21227,279045620,272139987750,20538867
002410,범양건영,1935,0,0,0,0,0,0,0,53173451700,27479820
007210,벽산,1695,28,1.68,1670,1696,1666,80231,135270147,113327700000,66860000
002760,보락,1020,13,1.29,1010,1037,1008,92421,94230363,61098000000,59900000
003850,보령,8610,370,4.49,8320,8620,8280,369407,3144988005,738627852270,85787207
000890,보해양조,432,6,1.41,430,433,427,108837,46831833,60099895728,139120129
003000,부광약품,3945,115,3,3895,4020,3855,1038268,4101945222,389232127095,98664671
001270,부국증권,60900,0,0,61400,61600,58900,39492,2395068100,631526057400,10369886
001275,부국증권우,30000,200,0.67,30050,30050,29650,673,20081650,90000000000,3000000
026940,부국철강,2055,0,0,2060,2075,2040,14744,30253170,41100000000,20000000
011390,부산산업,75500,2800,3.85,72900,75800,72900,3811,284561650,79728000000,1056000
005030,부산주공,486,0,0,0,0,0,0,0,38288532168,78782988
006740,블루산업개발,879,-5,-0.57,877,886,875,52659,46283946,50081541852,56975588
002070,비비안,641,-7,-1.08,648,650,638,101661,65285199,28970685357,45196077
100220,비상교육,5090,40,0.79,5010,5230,5010,29357,150926830,66153411690,12996741
090460,비에이치,16720,490,3.02,16390,16740,16210,168150,2775439335,563656915360,33711538
005180,빙그레,74500,1500,2.05,73900,74500,72700,24795,1834373250,711899873500,9555703
003960,사조대림,37600,250,0.67,37150,38250,37150,11934,445796850,344583959200,9164467
008040,사조동아원,1113,21,1.92,1092,1118,1090,331052,366640934,157093939800,141144600
007160,사조산업,49150,600,1.24,48600,49500,48050,4429,215458400,245750000000,5000000
014710,사조씨푸드,7700,10,0.13,7700,7820,7550,120796,924650205,132582781100,17218543
006090,사조오양,9180,-40,-0.43,9280,9340,9150,9549,87944440,86500744020,9422739
062040,산일전기,139000,5100,3.81,135200,139000,133100,232509,31772789800,4231882800000,30445200
001470,삼부토건,347,0,0,0,0,0,0,0,79699592928,229681824
028050,삼성E&A,25600,500,1.99,25300,25600,25000,613534,15585419475,5017600000000,196000000
448730,삼성FN리츠,4640,30,0.65,4610,4650,4605,87898,406491754,422472000000,91050000
006400,삼성SDI,304500,20000,7.03,288000,304500,286500,466323,139197910000,24538293885000,80585530
006405,삼성SDI우,182200,6200,3.52,176100,182500,176100,7459,1348476400,294780651200,1617896
006660,삼성공조,14300,150,1.06,14150,14300,14020,50765,716884860,116206290200,8126314
028260,삼성물산,236000,7500,3.28,234000,240500,229000,616934,145925953000,40114464384000,169976544
02826K,삼성물산우B,147700,6200,4.38,144800,149600,141800,13771,2031937100,216763043000,1467590
207940,삼성바이오로직스,1651000,24000,1.48,1640000,1681000,1600000,115530,191657512000,76426360101000,46290951
032830,삼성생명,151600,4900,3.34,150000,152800,148300,203495,30622691650,30320000000000,200000000
018260,삼성에스디에스,169300,1500,0.89,169800,171100,165500,177714,30030034650,13100061540000,77377800
0126Z0,삼성에피스홀딩스,363000,27500,8.2,337000,394500,329000,2178506,802280452000,9032546787000,24883049
009150,삼성전기,257000,15500,6.42,250000,258000,242000,893102,222753713250,19196279872000,74693696
009155,삼성전기우,121800,14900,13.94,110100,125000,109800,152176,17601545850,354070651200,2906984
005930,삼성전자,102800,3500,3.52,100500,102900,99300,21314975,2159034953350,608538778381600,5919637922
005935,삼성전자우,77300,2400,3.2,76500,77600,75000,2677737,205023903100,63074841527200,815974664
001360,삼성제약,1392,19,1.38,1373,1399,1368,273209,379060367,131073613968,94162079
010140,삼성중공업,25350,550,2.22,25000,25350,24600,2545479,63979121100,22308000000000,880000000
016360,삼성증권,80400,2800,3.61,78700,80400,78300,282464,22436152250,7179720000000,89300000
068290,삼성출판사,12090,350,2.98,11800,12090,11730,21321,253627720,120900000000,10000000
029780,삼성카드,54900,900,1.67,54900,55300,54300,70450,3871452050,6360653115900,115858891
000810,삼성화재,486000,13000,2.75,485500,487500,472000,51648,24953308000,22361421330000,46011155
000815,삼성화재우,371500,10500,2.91,365000,373000,362000,12630,4665218500,1151467965000,3099510
006110,삼아알미늄,22750,1000,4.6,21800,22750,21800,19728,442122550,334696089000,14711916
0120G0,삼양바이오팜,51000,11750,29.94,51000,51000,44300,2755294,134321400700,379229370000,7435870
145990,삼양사,51400,1000,1.98,50700,51900,50600,12174,625492500,530111278600,10313449
145995,삼양사우,37100,600,1.64,37000,37100,37000,2681,99346600,13729597000,370070
003230,삼양식품,1396000,85000,6.48,1322000,1403000,1316000,60993,83724197000,10516088940000,7533015
002170,삼양통상,53900,200,0.37,54000,54200,53600,653,35150500,161700000000,3000000
272550,삼양패키징,13940,380,2.8,13560,13940,13560,11967,165791950,213713735740,15330971
000070,삼양홀딩스,60900,1700,2.87,59500,61600,58500,108762,6581993400,472778331900,7763191
003720,삼영,7110,190,2.75,7050,7220,6590,2721312,18878406860,241740000000,34000000
002810,삼영무역,15480,240,1.57,15300,15640,15260,10328,159458860,285868355040,18466948
005680,삼영전자,10370,170,1.67,10250,10400,10200,10196,105273040,207400000000,20000000
023000,삼원강재,2430,15,0.62,2440,2440,2400,5991,14458590,97200000000,40000000
004380,삼익THK,9960,0,0,0,0,0,0,0,209160000000,21000000
002450,삼익악기,1200,4,0.33,1202,1205,1194,28929,34611116,108637098000,90530915
004440,삼일씨엔에스,4220,5,0.12,4215,4255,4190,5048,21311130,53728816340,12731947
000520,삼일제약,10270,360,3.63,9920,10380,9920,158478,1620860385,222774898970,21691811
009770,삼정펄프,30350,250,0.83,30100,30650,30100,1556,47139250,75874119850,2499971
005500,삼진제약,20100,300,1.52,19910,20150,19800,30199,605438740,279390000000,13900000
004690,삼천리,122800,300,0.24,122500,122800,121400,9333,1138536650,497957070000,4055025
010960,삼호개발,3535,-65,-1.81,3600,3630,3520,120221,429065610,85264200000,24120000
004450,삼화왕관,30250,250,0.83,30100,30800,29900,968,29283400,65169964750,2154379
009470,삼화전기,29550,800,2.78,29600,29700,28850,25406,742407300,195438381000,6613820
011230,삼화전자,2810,10,0.36,2800,2830,2760,50059,140213460,53855855850,19165785
001820,삼화콘덴서,30900,250,0.82,31500,31500,30000,81423,2495291100,321205500000,10395000
000390,삼화페인트,5710,40,0.71,5700,5730,5670,14937,85156715,155331807990,27203469
001290,상상인증권,683,19,2.86,665,685,657,268310,181088251,73994252960,108337120
041650,상신브레이크,2630,25,0.96,2600,2655,2590,19338,50497465,56469913500,21471450
075180,새론오토모티브,3120,20,0.65,3100,3135,3080,6266,19390105,59904000000,19200000
007540,샘표,50400,500,1,49950,50400,49800,6372,318775900,144940320000,2875800
248170,샘표식품,29400,650,2.26,28650,29400,28600,29352,849056325,134307608400,4568286
007860,서연,9280,220,2.43,9090,9290,9080,26367,242522905,217892952320,23479844
200880,서연이화,12020,400,3.44,11710,12040,11680,38010,451148700,324881812740,27028437
017390,서울가스,64300,-100,-0.16,64400,64700,63700,14387,924275750,321500000000,5000000
031210,서울보증보험,49500,1050,2.17,49150,49500,48250,45914,2255802250,3456169101000,69821598
004410,서울식품,151,-1,-0.66,151,152,151,1063766,160825883,58916445536,390175136
004415,서울식품우,1209,-6,-0.49,1201,1210,1200,3324,3989786,2689420500,2224500
021050,서원,1026,6,0.59,1019,1035,1005,106777,108907037,48708929340,47474590
008490,서흥,22800,100,0.44,22600,23000,22500,36832,839079550,263775776400,11569113
007610,선도전기,3000,0,0,0,0,0,0,0,54000000000,18000000
136490,선진,9260,110,1.2,9200,9290,9080,144371,1323896925,220199133040,23779604
014910,성문전자,1047,-3,-0.29,1050,1053,1040,16642,17411759,23516651295,22460985
014915,성문전자우,4690,320,7.32,4360,4850,4320,1969,8947600,2814000000,600000
004980,성신양회,9700,220,2.32,9440,9700,9440,19139,183518680,237805908100,24516073
004985,성신양회우,11000,310,2.9,10710,11070,10600,2125,22691850,8092095000,735645
011300,성안머티리얼스,398,5,1.27,394,404,385,533294,208831780,61935834650,155617675
000180,성창기업지주,1409,18,1.29,1402,1413,1384,37963,52998766,98280004400,69751600
002420,세기상사,4495,0,0,4495,4560,4460,5029,22607647,26834916260,5969948
004360,세방,13580,280,2.11,13310,13640,13210,40637,547220545,259589888740,19115603
004365,세방우,8870,-40,-0.45,8970,8970,8790,9321,82678150,32723647500,3689250
004490,세방전지,61500,1700,2.84,60400,61500,59500,28035,1703106050,861000000000,14000000
001430,세아베스틸지주,27450,550,2.04,27150,27600,27000,42523,1162019775,984415166550,35862119
306200,세아제강,117200,-400,-0.34,118200,118500,115800,2326,273404000,332414360000,2836300
003030,세아제강지주,137800,5100,3.84,134000,137900,133600,8306,1134025100,570720334600,4141657
019440,세아특수강,15570,-20,-0.13,15620,15740,15530,5806,90488475,133434900000,8570000
058650,세아홀딩스,115600,-400,-0.34,115500,117100,114500,475,55175800,462400000000,4000000
013000,세우글로벌,1180,5,0.43,1175,1182,1165,18657,21894282,33871936580,28705031
021820,세원정공,11990,-30,-0.25,12020,12030,11800,7620,90816670,119900000000,10000000
067830,세이브존I&C,2340,30,1.3,2360,2360,2325,27448,64105615,96035694300,41040895
075580,세진중공업,18330,260,1.44,18090,18400,17680,287701,5227902355,1042050528480,56849456
068270,셀트리온,187400,4900,2.68,185100,189500,184700,687332,129104521150,43282085590600,230960969
336370,솔루스첨단소재,8500,500,6.25,9150,9500,8430,2274739,20388219795,596847424000,70217344
33637K,솔루스첨단소재1우,2115,75,3.68,2230,2650,2115,3068426,7358430724,35762040090,16908766
33637L,솔루스첨단소재2우B,3785,215,6.02,3960,4560,3760,697906,2957797823,14300850360,3778296
248070,솔루엠,17400,-70,-0.4,17480,17630,17170,129178,2236145280,832002506400,47816236
004430,송원산업,9040,150,1.69,8940,9040,8890,17351,155708580,216960000000,24000000
017550,수산세보틱스,1810,25,1.4,1797,1821,1791,171545,310070134,112942425300,62399130
126720,수산인더스트리,20800,300,1.46,20550,20900,20450,31645,656020600,297148800000,14286000
053210,스카이라이프,5260,-20,-0.38,5290,5350,5260,25242,133554945,249970743300,47522955
204210,스타에스엠리츠,2035,0,0,0,0,0,0,0,15927568525,7826815
026890,스틱인베스트먼트,10980,220,2.04,10750,11200,10620,193270,2126492960,457626361500,41678175
134790,시디즈,21750,-200,-0.91,22000,22050,21750,1256,27419150,43500000000,2000000
462870,시프트업,37550,1350,3.73,36150,38100,35800,79312,2961383950,2214002072000,58961440
016590,신대양제지,14590,440,3.11,14160,14680,14160,31902,463059970,587945193800,40297820
029530,신도리코,46550,1100,2.42,45300,46700,44650,11608,536258950,469225349950,10080029
004970,신라교역,9180,40,0.44,9180,9190,9150,2872,26336755,146880000000,16000000
011930,신성이엔지,1557,47,3.11,1533,1564,1511,1071583,1648191396,320505571107,205848151
004170,신세계,215500,6500,3.11,212000,217000,209000,34948,7481510750,2078536505500,9645181
035510,신세계 I&C,16820,170,1.02,17000,17060,16570,117096,1970360585,235158738000,13980900
031430,신세계인터내셔날,10180,130,1.29,10190,10220,10010,73060,737211465,359791740000,35343000
031440,신세계푸드,40400,-350,-0.86,40800,41100,40000,10663,430003350,156448192000,3872480
006880,신송홀딩스,6720,190,2.91,6570,6720,6570,17550,117071530,79489925760,11828858
005800,신영와코루,14250,-30,-0.21,14200,14490,14200,2773,39838610,128250000000,9000000
001720,신영증권,140100,200,0.14,141200,141200,137000,29108,4052530250,2303244000000,16440000
009270,신원,1511,55,3.78,1470,1515,1465,1041034,1557175859,167155632152,110625832
002700,신일전자,1346,13,0.98,1327,1346,1327,494814,662574076,95629963266,71047521
002870,신풍,1093,62,6.01,1031,1103,1031,57390,61020651,38209859100,34958700
019170,신풍제약,14760,560,3.94,14200,15260,14200,733986,10909531300,782058452400,52984990
019175,신풍제약우,25550,650,2.61,25750,26100,25400,6165,158463900,56210000000,2200000
481850,신한글로벌액티브리츠,1294,16,1.25,1278,1295,1273,136012,175307020,56260097216,43477664
404990,신한서부티엔디리츠,3615,25,0.7,3590,3630,3575,62079,223238298,208242284670,57605058
293940,신한알파리츠,5680,50,0.89,5630,5740,5630,372982,2118233680,686939898640,120940123
055550,신한지주,79000,1500,1.94,79000,79500,78200,846976,66846196950,38354099786000,485494934
004080,신흥,13420,0,0,13420,13510,13330,4127,55425920,127490000000,9500000
102280,쌍방울,690,70,11.29,680,744,659,6803859,4755147597,18118854900,26259210
004770,써니전자,1539,10,0.65,1515,1542,1515,130042,199271688,54645947082,35507438
403550,쏘카,11470,-40,-0.35,11710,11720,11360,3984,46106225,376696615940,32841902
004920,씨아이테크,1132,33,3,1099,1135,1099,105068,117099731,56992454212,50346691
112610,씨에스윈드,41300,1250,3.12,40200,41300,40050,111222,4546426100,1741678943900,42171403
480370,씨케이솔루션,8720,340,4.06,8220,9070,8220,124883,1077979405,95351987920,10934861
308170,씨티알모빌리티,4850,40,0.83,4965,4965,4820,2916,14141190,41758500000,8610000
008700,아남전자,1250,35,2.88,1215,1250,1215,113588,140340466,96406025000,77124820
090430,아모레퍼시픽,127500,1100,0.87,128000,128100,126100,175099,22255234950,7457826772500,58492759
090435,아모레퍼시픽우,47500,850,1.82,47200,47650,46350,14399,676519625,501496925000,10557830
002790,아모레퍼시픽홀딩스,28800,100,0.35,29200,29250,28350,124323,3554595700,2288395584000,79458180
00279K,아모레퍼시픽홀딩스3우C,22300,50,0.22,22150,22550,22150,6889,153513100,158156060000,7092200
002795,아모레퍼시픽홀딩스우,12230,80,0.66,12160,12300,12160,11516,140609420,78807307100,6443770
002030,아세아,389000,12500,3.32,376000,391000,375500,1688,649421500,810730460000,2084140
183190,아세아시멘트,11890,460,4.02,11470,11970,11470,54797,643875145,444053095300,37346770
002310,아세아제지,7210,160,2.27,7040,7210,6980,83235,591864985,300170397100,41632510
012170,아센디오,1700,11,0.65,1689,1722,1680,44109,74868604,18485363100,10873743
267850,아시아나IDT,11110,90,0.82,11020,11140,11020,4009,44437540,123321000000,11100000
020560,아시아나항공,8240,40,0.49,8250,8330,8210,89449,739849650,1697363458640,205990711
122900,아이마켓코리아,7950,-20,-0.25,7970,8000,7890,21943,174157235,265759278000,33428840
010780,아이에스동서,17790,440,2.54,17590,17830,17380,13901,245664810,537026303040,30186976
031820,아이티센씨티에스,576,6,1.05,572,577,567,247655,141865888,69725644416,121051466
139990,아주스틸,3240,0,0,3245,3255,3230,15045,48735574,125567541360,38755414
009320,아진전자부품,941,15,1.62,930,945,928,45148,42201866,46391083570,49299770
001780,알루코,1980,60,3.13,1921,1982,1921,197637,387262869,191723661360,96830132
018250,애경산업,13540,120,0.89,13360,13570,13240,18697,252802610,357590519900,26409935
161000,애경케미칼,10080,330,3.38,9770,10110,9770,174972,1744467670,490378986720,48648709
011090,에넥스,480,-8,-1.64,489,495,480,203458,98429315,28795987680,59991641
137310,에스디바이오센서,9410,290,3.18,9250,9470,9230,196608,1843907250,1145659049820,121749102
005850,에스엘,38100,950,2.56,37350,38100,36650,202872,7622404350,1769688612000,46448520
010580,에스엠벡셀,2050,53,2.65,1997,2055,1944,283808,570991835,228066108000,111251760
012750,에스원,76600,2200,2.96,76100,76600,75300,49701,3781978750,2910737034800,37999178
023960,에쓰씨엔지니어링,1264,103,8.87,1161,1268,1161,381173,471070574,48077472400,38035975
298690,에어부산,1737,2,0.12,1745,1765,1732,163292,284862197,202603680000,116640000
140910,에이리츠,3130,0,0,0,0,0,0,0,13969290160,4463032
078520,에이블씨엔씨,9350,60,0.65,9340,9480,9160,204454,1899989450,243232405350,26014161
015260,에이엔피,453,-2,-0.44,464,464,446,76473,34531581,20437952982,45116894
007460,에이프로젠,649,27,4.34,624,649,623,1953643,1246254359,213718964470,329305030
003060,에이프로젠바이오로직스,560,10,1.82,550,562,550,145434,81201907,111108393200,198407845
244920,에이플러스에셋,8740,290,3.43,8370,8930,8350,458365,4000695780,197591236820,22607693
278470,에이피알,250000,-500,-0.2,253000,254000,241500,421780,104191394000,9357663750000,37430655
450080,에코프로머티,56700,3600,6.78,54000,57200,53900,255456,14201280350,3965168440800,69932424
019490,엑시큐어하이트론,541,0,0,0,0,0,0,0,41349858070,76432270
036570,엔씨소프트,213500,5500,2.64,211500,227500,209500,382944,83524316250,4599648697000,21544022
085310,엔케이,1285,51,4.13,1237,1348,1231,7724094,10076024742,101361213770,78880322
900140,엘브이엠씨홀딩스,1587,74,4.89,1516,1592,1509,598015,933557809,306672565584,193240432
066970,엘앤에프,124100,10500,9.24,117200,124100,116900,532703,64841231650,4902082042400,39501064
097520,엠씨넥스,26100,750,2.96,25900,26100,25400,20551,529462400,469290580200,17980482
484870,엠앤씨솔루션,126600,-3400,-2.62,128800,130400,124200,50358,6315664600,1158883740000,9153900
014440,영보화학,4790,-25,-0.52,4825,4870,4730,145619,699191966,95800000000,20000000
111770,영원무역,93800,4800,5.39,91800,94700,88600,109989,10254648100,4156415698400,44311468
009970,영원무역홀딩스,179400,7300,4.24,177000,179400,172300,11562,2042068350,2421763117800,13499237
003520,영진약품,1962,42,2.19,1935,1980,1918,277097,541762579,358835538222,182892731
000670,영풍,60600,1800,3.06,58500,60600,58500,36853,2200197050,1157972070000,19108450
012280,영화금속,885,1,0.11,883,899,873,113647,99970611,45723086925,51664505
012160,영흥,544,11,2.06,533,545,528,153598,82463752,55112842368,101310372
007310,오뚜기,388000,4000,1.04,387500,388500,384500,3991,1543856250,1555038040000,4007830
002630,오리엔트바이오,562,17,3.12,545,563,545,610774,340861865,66643648810,118583005
271560,오리온,106700,4000,3.89,105000,106900,103100,115908,12301377300,4218505284400,39536132
001800,오리온홀딩스,19850,510,2.64,19600,20100,19410,112828,2235747340,1243511626700,62645422
005320,온타이드,468,0,0,472,474,463,96874,45254614,31999822920,68375690
011690,와이투솔루션,2885,90,3.22,2805,2935,2790,147828,424001655,105517126690,36574394
316140,우리금융지주,26150,400,1.55,26200,26250,25950,1274456,33298725050,19196095768000,734076320
006980,우성,16250,-440,-2.64,16690,16950,16180,6271,102904700,50212500000,3090000
017370,우신시스템,6050,50,0.83,6160,6160,5960,27731,167083095,110800026700,18314054
105840,우진,15520,920,6.3,14750,15850,14720,1323487,20528899745,313467838400,20197670
010400,우진아이엔에스,3890,250,6.87,3640,4395,3615,601313,2460087874,29649580000,7622000
049800,우진플라임,1938,-9,-0.46,1968,1968,1901,229692,438592058,38760000000,20000000
016880,웅진,2705,-5,-0.18,2745,2745,2630,1246742,3335712809,216202751400,79927080
095720,웅진씽크빅,1367,4,0.29,1373,1398,1361,75114,103012419,157896681495,115505985
005820,원림,14620,150,1.04,14550,14620,14490,1052,15286020,33596321400,2297970
010600,웰바이오텍,545,0,0,0,0,0,0,0,49553256815,90923407
008600,윌비스,312,-1,-0.32,310,317,310,58302,18251624,20977644168,67236039
033270,유나이티드제약,19420,380,2,19050,19450,19020,24329,470619925,317202823240,16333822
014830,유니드,64700,1200,1.89,64500,66100,64000,18499,1195011000,437863720000,6767600
446070,유니드비티플러스,3370,30,0.9,3415,3415,3325,16393,54791415,35759794550,10611215
000910,유니온,4285,35,0.82,4210,4330,4210,81412,346939980,66895787415,15611619
047400,유니온머티리얼,1445,-14,-0.96,1441,1490,1435,333099,483231103,60690000000,42000000
011330,유니켐,1320,35,2.72,1298,1325,1273,442359,577229754,122910477360,93113998
077500,유니퀘스트,6010,80,1.35,5950,6030,5910,81661,486161045,129816613020,21600102
002920,유성기업,2020,36,1.81,1990,2040,1989,36927,74293757,52413950000,25947500
000700,유수홀딩스,5760,120,2.13,5670,5790,5650,29706,170217070,150000837120,26041812
003470,유안타증권,3720,85,2.34,3660,3720,3640,209046,771855460,742499262720,199596576
003475,유안타증권우,3810,65,1.74,3750,3810,3750,11915,45080865,49195527720,12912212
072130,유엔젤,4990,-340,-6.38,5330,5360,4990,176230,903571490,64348315460,12895454
000220,유유제약,4200,35,0.84,4175,4240,4175,68599,287788538,71535874200,17032351
000225,유유제약1우,4780,-10,-0.21,4790,4795,4660,11448,54252835,10835925400,2266930
000227,유유제약2우B,10610,-20,-0.19,10750,10750,10610,267,2840750,3454191600,325560
001200,유진투자증권,3485,90,2.65,3415,3490,3400,576001,1990451008,337579466730,96866418
000100,유한양행,119400,4900,4.28,115600,119600,115400,463846,54939705750,9548231377800,79968437
000105,유한양행우,106400,2800,2.7,103900,107500,103900,2092,222379650,125652016000,1180940
003460,유화증권,2755,20,0.73,2755,2760,2730,25937,71367655,156215153325,56702415
003465,유화증권우,2690,10,0.37,2680,2815,2680,950,2551235,47011583250,17476425
008730,율촌화학,29500,650,2.25,29250,29700,29100,52800,1553492275,731600000000,24800000
008250,이건산업,4540,25,0.55,4635,4635,4490,7955,36034845,49724962900,10952635
025820,이구산업,4655,125,2.76,4530,4670,4530,145480,670509406,155672510000,33442000
214320,이노션,18290,90,0.49,18250,18290,18200,117917,2151579620,731600000000,40000000
088260,이리츠코크렙,4880,25,0.51,4855,4900,4845,49925,243118091,309106959200,63341590
139480,이마트,79000,0,0,79600,79600,78300,111386,8783544700,2180069701000,27595819
457190,이수스페셜티케미컬,51800,2800,5.71,49550,51900,49550,147553,7518839250,1564788904000,30208280
007660,이수페타시스,141600,900,0.64,146500,146500,133000,3347233,461718713300,10394745410400,73409219
005950,이수화학,9150,260,2.92,9000,9680,8950,741075,6855812955,240591646350,26294169
015020,이스타코,533,1,0.19,526,539,522,135806,72033182,22839902800,42851600
074610,이엔플러스,511,0,0,0,0,0,0,0,37494486519,73374729
102460,이연제약,10880,580,5.63,10270,11030,10170,48108,509239490,202224503680,18586811
084680,이월드,1315,34,2.65,1291,1315,1282,110918,144687161,186475143795,141806193
350520,이지스레지던스리츠,3970,20,0.51,3975,3975,3930,59474,234675547,146358821940,36866202
334890,이지스밸류플러스리츠,4450,50,1.14,4400,4455,4400,301781,1339463987,309046639350,69448683
000760,이화산업,12190,-210,-1.69,12450,12450,12110,1284,15632820,34132000000,2800000
014990,인디에프,925,14,1.54,909,928,909,197804,182135781,69479520375,75112995
101140,인바이오젠,11840,30,0.25,11720,12050,11610,5101,60402210,118923517440,10044216
006490,인스코비,700,15,2.19,700,708,679,208063,144873201,88120281900,125886117
023800,인지컨트롤스,6000,140,2.39,5880,6010,5870,21127,125876760,94855182000,15809197
034590,인천도시가스,26300,300,1.15,26000,26300,25950,2714,70643475,115056030200,4374754
129260,인터지스,2545,5,0.2,2540,2560,2515,64432,163050960,75708339330,29747874
023810,인팩,6040,-130,-2.11,6170,6170,6040,15637,95013075,60400000000,10000000
249420,일동제약,30050,1300,4.52,29750,30650,29400,1781992,53577309000,950729472600,31638252
000230,일동홀딩스,13690,40,0.29,13710,14200,13480,238026,3278904415,157988076000,11540400
013360,일성건설,1290,35,2.79,1255,1300,1255,118301,151443032,69692095200,54024880
003120,일성아이에스,23450,450,1.96,23150,23700,22950,11508,270433200,311885000000,13300000
003200,일신방직,11890,290,2.5,11610,11910,11530,32441,382077235,272994400000,22960000
007110,일신석재,1647,48,3,1615,1650,1606,373415,610507815,127571036670,77456610
007570,일양약품,13050,0,0,0,0,0,0,0,249067915200,19085664
007575,일양약품우,12980,0,0,0,0,0,0,0,5777138400,445080
008500,일정실업,18550,0,0,0,0,0,0,0,22260000000,1200000
081000,일진다이아,12200,160,1.33,12020,12210,11990,20404,247483970,173276295000,14202975
020760,일진디스플,902,0,0,0,0,0,0,0,46465394382,51513741
103590,일진전기,54300,1000,1.88,53900,54300,52200,446729,23959947750,2589316677000,47685390
271940,일진하이솔루스,14500,-110,-0.75,14560,14800,14410,38382,557372515,526541255000,36313190
015860,일진홀딩스,7090,-340,-4.58,7460,7500,6980,448054,3222285185,349873654470,49347483
226320,잇츠한불,11210,20,0.18,11310,11320,11160,20989,235934920,245827621150,21929315
317400,자이에스앤디,3730,55,1.5,3640,3750,3600,73726,274763460,144658799600,38782520
033240,자화전자,17570,390,2.27,17230,17770,17110,168468,2951053850,382264094520,21756636
000950,전방,34700,-600,-1.7,35300,36000,34700,2058,72033450,58296000000,1680000
079900,전진건설로봇,48850,1450,3.06,49250,49550,48050,115401,5645355200,712845823250,14592545
348950,제이알글로벌리츠,3000,10,0.33,2980,3010,2975,358477,1074269806,592128000000,197376000
194370,제이에스코퍼레이션,10870,290,2.74,10690,10890,10560,90563,975864615,315412159460,29016758
025620,제이준코스메틱,11800,250,2.16,11560,12000,11550,19132,222429175,100058100000,8479500
030000,제일기획,22850,350,1.56,22700,22900,22500,217273,4950266825,2628691991250,115041225
271980,제일약품,14130,130,0.93,14100,14300,13950,20639,292104620,207779841360,14704872
001560,제일연마,9350,-10,-0.11,9330,9590,9270,3146,29576320,91630000000,9800000
002620,제일파마홀딩스,7700,-20,-0.26,7760,7760,7600,4273,32906970,122994833500,15973355
006220,제주은행,12300,240,1.99,12180,12370,12110,98729,1211274770,464922251100,37798557
089590,제주항공,5350,40,0.75,5340,5450,5320,90609,486575760,431429269750,80640985
004910,조광페인트,4935,55,1.13,4880,4940,4865,11107,54518070,63168000000,12800000
004700,조광피혁,68400,1400,2.09,67000,69800,66900,2615,179080000,454801039200,6649138
001550,조비,11150,200,1.83,10830,11220,10830,7280,80591580,57893464850,5192239
462520,조선내화,14010,210,1.52,13740,14010,13730,8285,114772380,166090903680,11855168
120030,조선선재,97100,1300,1.36,95800,97500,95800,1903,184482000,122117912100,1257651
018470,조일알미늄,1250,16,1.3,1239,1251,1230,264403,329209859,158289651250,126631721
002600,조흥,150500,100,0.07,152400,152400,149100,11,1650200,90300000000,600000
185750,종근당,85300,2100,2.52,84000,85900,82900,30827,2620014750,1177377134000,13802780
063160,종근당바이오,20950,250,1.21,20700,21150,20600,10211,214525700,114930903900,5485962
001630,종근당홀딩스,48500,900,1.89,48100,48550,47550,7654,369556950,242978258500,5009861
109070,주성코퍼레이션,839,-6,-0.71,860,860,820,62169,51922036,44307782970,52810230
044380,주연테크,438,-20,-4.37,462,462,433,154960,68601945,28242932916,64481582
013890,지누스,11820,180,1.55,11800,11900,11590,172260,2009680635,263049088320,22254576
013870,지엠비코리아,3810,20,0.53,3740,3835,3740,19088,72296569,72665386800,19072280
071320,지역난방공사,106700,800,0.76,106900,107200,104600,34000,3599872050,1235451984800,11578744
088790,진도,2000,-15,-0.74,2000,2020,2000,13542,27228235,24895488000,12447744
003780,진양산업,6860,120,1.78,6740,6890,6740,39818,272084230,89180000000,13000000
010640,진양폴리,4475,60,1.36,4480,4510,4405,15936,71158050,44750000000,10000000
100250,진양홀딩스,3295,20,0.61,3280,3315,3270,56892,187211387,184174987140,55895292
051630,진양화학,2630,-20,-0.75,2630,2675,2575,72820,191516930,55756000000,21200000
272450,진에어,6650,40,0.61,6640,6780,6610,79180,529022930,347130000000,52200000
011000,진원생명과학,2115,80,3.93,2040,2150,2040,394625,833708090,180642014640,85409936
002780,진흥기업,645,3,0.47,642,649,638,214091,137534470,93829275525,145471745
002787,진흥기업2우B,8060,0,0,7920,8060,7920,36,290020,2376152480,294808
002785,진흥기업우B,3840,-5,-0.13,3840,3840,3760,432,1627260,3291717120,857218
009310,참엔지니어링,1289,149,13.07,1140,1450,1120,9608295,13093374089,21878819587,16973483
000650,천일고속,140200,0,0,0,0,0,0,0,200376644000,1429220
033250,체시스,1040,0,0,1055,1055,1024,140536,145547885,33280000000,32000000
035720,카카오,61000,3000,5.17,58500,61000,58200,3312601,199481712050,26985433638000,442384158
323410,카카오뱅크,22000,850,4.02,21500,22100,21350,768991,16774360275,10493789614000,476990437
377300,카카오페이,50200,800,1.62,49650,51600,49100,408308,20432676125,6784014044400,135139722
006380,카프로,3660,0,0,0,0,0,0,0,618539985360,168999996
001620,케이비아이동국실업,476,7,1.49,479,492,468,132325,63021492,52975482756,111293031
029460,케이씨,25050,450,1.83,24400,25200,24250,24759,614326425,331443138150,13231263
281820,케이씨텍,38150,1100,2.97,37600,38700,36700,103869,3927062700,789335822450,20690323
381970,케이카,16170,170,1.06,16030,16180,15990,74813,1205633425,789433112160,48820848
145270,케이탑리츠,959,0,0,959,960,952,68912,66023384,46090282266,48060774
417310,코람코더원리츠,6910,50,0.73,6860,6920,6740,119090,814232780,279164000000,40400000
357120,코람코라이프인프라리츠,4585,-10,-0.22,4600,4600,4575,102526,470146199,446282598090,97335354
007815,코리아써우,10240,30,0.29,10240,10300,9950,18071,183311065,30358425600,2964690
007810,코리아써키트,30750,450,1.49,30900,31200,29450,255507,7766033325,726338093250,23620751
00781K,코리아써키트2우B,8560,140,1.66,8570,8570,8250,3569,29824130,6708463440,783699
003690,코리안리,11410,230,2.06,11250,11430,11250,155601,1772307885,2222907963710,194821031
192820,코스맥스,163100,1900,1.18,161300,163100,160600,38652,6259586550,1851104917900,11349509
044820,코스맥스비티아이,13970,330,2.42,13570,14840,13570,9449,132413425,134166776370,9603921
005070,코스모신소재,47400,3200,7.24,44700,47450,44600,326489,15084123225,1541009834400,32510756
005420,코스모화학,16600,1060,6.82,15750,16620,15700,168029,2731028960,637576584800,38408228
071950,코아스,3980,400,11.17,3605,4405,3605,701834,2895762067,45370181140,11399543
002020,코오롱,51400,3450,7.19,47950,52100,47400,129881,6581952025,648998296400,12626426
138490,코오롱ENP,7740,-320,-3.97,8060,8060,7660,159958,1238900315,294120000000,38000000
003070,코오롱글로벌,9230,140,1.54,9130,9250,9130,9855,90662310,174748940990,18932713
003075,코오롱글로벌우,15500,100,0.65,15490,15500,15200,2619,40275830,11481423500,740737
450140,코오롱모빌리티그룹,10560,70,0.67,11700,12500,10150,8058533,90103430770,662927760000,62777250
45014K,코오롱모빌리티그룹우,16720,-2000,-10.68,20900,20900,16170,120042,2061681670,41066326400,2456120
002025,코오롱우,25700,1700,7.08,24350,25950,23900,11885,299933700,27663223000,1076390
120110,코오롱인더,40050,600,1.52,40000,40400,39700,157447,6307702425,1102139594550,27519091
120115,코오롱인더우,24100,300,1.26,23800,24150,23800,2358,56531875,66705426000,2767860
021240,코웨이,89700,700,0.79,90000,90900,88100,149921,13378307000,6450249230100,71909133
036420,콘텐트리중앙,9400,540,6.09,9010,9450,9000,53828,502278110,181065695200,19262308
024720,콜마홀딩스,10490,390,3.86,10150,10490,10150,115031,1192460010,359767756910,34296259
192400,쿠쿠홀딩스,28550,-50,-0.17,29100,29600,28450,21860,627679925,1015300381750,35562185
284740,쿠쿠홈시스,24750,400,1.64,24600,24750,24050,15665,383780250,555323917500,22437330
264900,크라운제과,9030,-30,-0.33,9010,9170,9010,10052,91345550,113090365500,12523850
26490K,크라운제과우,9410,-40,-0.42,9430,9470,9330,5887,55427230,7279199600,773560
005740,크라운해태홀딩스,6750,90,1.35,6730,6780,6600,11340,76313035,100219592250,14847347
005745,크라운해태홀딩스우,7690,100,1.32,7600,7690,7600,794,6079300,4619582940,600726
259960,크래프톤,260000,5000,1.96,257000,263000,254500,87755,22751700000,12322402560000,47393856
020120,키다리스튜디오,3585,125,3.61,3460,3590,3460,36353,129203390,132873601110,37063766
039490,키움증권,273000,4000,1.49,273000,273500,268000,66907,18130894500,7256421900000,26580300
014580,태경비케이,4900,150,3.16,4840,4900,4750,84896,411365455,135157190000,27583100
015890,태경산업,5140,20,0.39,5120,5160,5120,13612,69944725,150235775000,29228750
006890,태경케미컬,7940,160,2.06,7880,7940,7800,15648,123196320,92104000000,11600000
003240,태광산업,817000,29000,3.68,800000,817000,792000,1207,976501000,909647800000,1113400
011280,태림포장,1734,-1,-0.06,1735,1760,1710,23462,40373386,122777499960,70805940
004100,태양금속,2365,45,1.94,2330,2390,2330,152365,360062936,86795500000,36700000
004105,태양금속우,3295,-5,-0.15,3350,3350,3260,15080,49634105,10873500000,3300000
009410,태영건설,1626,44,2.78,1580,1650,1580,343449,557354797,483881466828,297590078
009415,태영건설우,4895,95,1.98,4810,4995,4810,959,4650620,3181622730,649974
001420,태원물산,3260,0,0,3280,3280,3210,7749,25084612,24776000000,7600000
055490,테이팩스,15910,720,4.74,15190,16030,15190,19942,312672850,75885131500,4769650
078000,텔코웨어,15760,250,1.61,15510,15900,15510,14017,219539210,145623613520,9240077
214420,토니모리,8600,180,2.14,8430,8670,8420,108053,922846315,206871271400,24054799
019180,티에이치엔,6110,-240,-3.78,6290,6350,6080,317522,1952039285,109980000000,18000000
363280,티와이홀딩스,2530,30,1.2,2550,2550,2470,81568,204191950,127586048040,50429268
36328K,티와이홀딩스우,4450,90,2.06,4360,4450,4360,197,861825,5531412300,1243014
091810,티웨이항공,1603,14,0.88,1605,1619,1580,308520,493302245,436285023475,272167825
004870,티웨이홀딩스,446,10,2.29,439,451,431,199955,88251792,50470918324,113163494
034230,파라다이스,16870,140,0.84,16780,16940,16580,1278706,21387512790,1558881780330,92405559
005690,파미셀,16400,360,2.24,16140,16590,15690,2138169,34619294435,984278209600,60016964
036580,팜스코,2490,30,1.22,2485,2500,2460,6898,17092970,91452578070,36727943
004720,팜젠사이언스,3915,80,2.09,3840,3940,3840,45000,175792512,73673491815,18818261
028670,팬오션,3735,65,1.77,3700,3740,3695,776757,2892479514,1996617127320,534569512
010820,퍼스텍,3955,75,1.93,3900,3955,3855,217166,853057679,192893014790,48771938
016800,퍼시스,44700,-350,-0.78,45100,45500,44600,495,22300650,514050000000,11500000
001020,페이퍼코리아,633,-12,-1.86,645,654,631,114439,73063935,112663437129,177983313
090080,평화산업,922,4,0.44,919,933,918,105407,97415195,50619882798,54902259
010770,평화홀딩스,3720,100,2.76,3560,3800,3560,66322,245481620,54406733520,14625466
022100,포스코DX,25250,1650,6.99,23900,25250,23900,497226,12296678550,3838876907250,152034729
058430,포스코스틸리온,37800,850,2.3,37450,37850,36900,5565,207687450,226800000000,6000000
047050,포스코인터내셔널,53800,1700,3.26,52700,53900,52600,261353,13958031300,9464645994400,175922788
003670,포스코퓨처엠,205000,17900,9.57,190700,205750,190500,506311,101391507200,18233975100000,88946220
017810,풀무원,13490,240,1.81,13300,13500,13190,99211,1329017270,514246111580,38120542
103140,풍산,97400,3100,3.29,94300,97400,94300,122330,11768022100,2729564677200,28024278
005810,풍산홀딩스,36400,350,0.97,36450,36650,36100,10569,385432450,524789428800,14417292
950210,프레스티지바이오파마,12450,630,5.33,11840,13000,11840,227388,2816346765,748197129750,60096155
009810,플레이그램,273,7,2.63,266,273,266,311339,83942995,41465287500,151887500
086790,하나금융지주,92900,2100,2.31,91800,93200,91700,503384,46723626800,25856468120600,278325814
293480,하나제약,11500,160,1.41,11400,11500,11300,20587,235669285,204388879000,17772946
039130,하나투어,47100,250,0.53,47300,47400,46800,51252,2410852875,729575797200,15489932
352820,하이브,285000,4500,1.6,282500,289500,280500,166884,47541178000,12129632490000,42560114
071090,하이스틸,3650,90,2.53,3560,3650,3560,92603,332770663,73698869150,20191471
000080,하이트진로,18720,140,0.75,18690,18730,18610,88185,1647430590,1312901197920,70133611
000087,하이트진로2우B,15420,110,0.72,15290,15490,15290,310,4770730,17426727960,1130138
000140,하이트진로홀딩스,10070,130,1.31,10000,10070,9950,11476,115095330,233692123550,23206765
000145,하이트진로홀딩스우,12690,100,0.79,12590,12690,12590,150,1898650,5974578900,470810
152550,한국ANKOR유전,222,0,0,222,223,220,233829,51812494,15544440000,70020000
036460,한국가스공사,41000,700,1.74,40350,41100,40350,138600,5660280575,3784833000000,92313000
005430,한국공항,58000,800,1.4,57200,58000,56500,2205,126349600,183648590000,3166355
071050,한국금융지주,162700,8100,5.24,157800,163400,155800,249721,40106578700,9066618898400,55725992
071055,한국금융지주우,127200,5800,4.78,122100,127500,121100,28661,3569754450,745169527200,5858251
010040,한국내화,2040,40,2,2030,2050,2000,17982,36347810,83776806480,41067062
025540,한국단자,61400,1600,2.68,59900,61500,59400,27408,1664967600,621061000000,10115000
010100,한국무브넥스,3650,50,1.39,3635,3650,3570,154126,556437849,111144033000,30450420
004090,한국석유,13990,50,0.36,13870,13990,13850,31711,440686485,177590738800,12694120
002200,한국수출포장,3125,-25,-0.79,3130,3180,3115,56814,177837158,125000000000,40000000
002960,한국쉘석유,470000,-1500,-0.32,471500,474500,468500,1659,780873500,611000000000,1300000
000240,한국앤컴퍼니,27550,1050,3.96,26850,27550,26700,82405,2250395775,2615465862000,94935240
123890,한국자산신탁,2440,50,2.09,2400,2445,2385,157526,382497558,298592379440,122373926
015760,한국전력,52800,1300,2.52,52100,54000,51600,7419354,392441038800,33895703265600,641964077
006200,한국전자홀딩스,675,21,3.21,658,675,654,47318,31353203,31592116800,46803136
027970,한국제지,738,5,0.68,735,745,730,67773,49804142,140351538906,190178237
023350,한국종합기술,4550,-15,-0.33,4660,4660,4540,15450,70552730,49822500000,10950000
025890,한국주강,1666,-1,-0.06,1660,1670,1650,8261,13745406,18841225494,11309259
000970,한국주철관,7240,90,1.26,7120,7240,7120,19387,139559750,165075620000,22800500
104700,한국철강,9910,150,1.54,9760,9980,9620,49732,485753595,361219500000,36450000
017960,한국카본,27850,1250,4.7,26900,27900,26850,316949,8725268000,1445650388200,51908452
161890,한국콜마,65800,500,0.77,66000,66500,65400,112323,7382195050,1553214066600,23605077
161390,한국타이어앤테크놀로지,59300,900,1.54,59400,59500,57700,275539,16225939800,7345791591700,123875069
034830,한국토지신탁,1327,30,2.31,1300,1330,1300,480820,635191007,335053208210,252489230
007280,한국특강,1524,-4,-0.26,1528,1596,1506,31308,47697195,92679485964,60813311
047810,한국항공우주,110300,1700,1.57,110600,111700,107000,620311,68388496050,10751504302100,97475107
123690,한국화장품,10120,210,2.12,10020,10120,9910,231145,2320682530,162608160000,16068000
003350,한국화장품제조,51000,400,0.79,50900,51000,50200,10937,553774400,231132000000,4532000
011500,한농화성,14870,590,4.13,14390,14930,14390,52497,770636905,232522814540,15637042
002390,한독,11660,70,0.6,11600,11840,11600,14910,175132925,160482794780,13763533
053690,한미글로벌,18080,310,1.74,18220,18300,18000,54085,979695185,198112504000,10957550
042700,한미반도체,128500,8400,6.99,120500,128900,118800,1574505,196745624750,12247617700000,95312200
008930,한미사이언스,38500,1050,2.8,37850,38600,37650,73175,2798510700,2633074675000,68391550
128940,한미약품,455500,11000,2.47,449500,464500,442000,89682,40904528750,5835406400500,12810991
009240,한샘,45900,350,0.77,45900,46100,45100,32526,1480123800,1080207295200,23533928
020000,한섬,15680,-10,-0.06,15700,15800,15620,36976,580429235,351823872960,22437747
003680,한성기업,6000,-250,-4,6460,6500,5980,678603,4212102935,37257090000,6209515
105630,한세실업,13450,370,2.83,13150,13450,13110,173411,2315101390,538000000000,40000000
069640,한세엠케이,669,5,0.75,680,680,662,24871,16577437,29975549838,44806502
016450,한세예스24홀딩스,4275,5,0.12,4230,4300,4230,32089,136939380,171000000000,40000000
009180,한솔로지스틱스,2685,70,2.68,2630,2690,2630,60375,161190625,75598390125,28155825
213500,한솔제지,8370,60,0.72,8340,8390,8290,23443,195804420,199210821120,23800576
014680,한솔케미칼,232000,1000,0.43,230000,232500,226500,48081,11068892250,2629765240000,11335195
004710,한솔테크닉스,5920,130,2.25,5800,5920,5780,82056,480700850,190090477760,32109878
004150,한솔홀딩스,3100,35,1.14,3070,3105,3060,21186,65440655,127182522000,41026620
025750,한솔홈데코,635,6,0.95,640,640,627,96475,60923329,51158869615,80565149
004960,한신공영,8750,390,4.67,8420,8850,8360,111426,970279625,101243642500,11570702
011700,한신기계,3050,95,3.21,2955,3070,2955,91445,278254501,98960760550,32446151
001750,한양증권,18440,280,1.54,18190,18520,18160,16622,305800595,234714166960,12728534
001755,한양증권우,18860,580,3.17,18350,18860,18240,826,15229960,9901500000,525000
018880,한온시스템,3720,190,5.38,3560,3720,3485,2820646,10164083659,2524996693440,678762552
009420,한올바이오파마,46350,3700,8.68,43050,47500,43050,1274014,58762492350,2421353571300,52240638
014130,한익스프레스,3300,15,0.46,3250,3305,3250,3141,10321920,39600000000,12000000
300720,한일시멘트,18000,640,3.69,17380,18000,17380,98287,1739448070,1323813762000,73545209
002220,한일철강,4195,-5,-0.12,4235,4235,4060,40348,166547055,111995844700,26697460
003300,한일홀딩스,16350,170,1.05,16170,16460,16130,15739,255561180,504117653400,30832884
051600,한전KPS,53000,1200,2.32,52400,53300,52000,191976,10145380350,2385000000000,45000000
052690,한전기술,94400,5300,5.95,89500,96400,89400,272155,25625424600,3607968000000,38220000
130660,한전산업,11190,210,1.91,10980,11300,10980,69268,774833990,364794000000,32600000
002320,한진,19830,210,1.07,19590,19850,19590,12337,243447475,302110248300,15235010
003480,한진중공업홀딩스,4645,70,1.53,4575,4685,4575,53391,246807265,137165976740,29529812
180640,한진칼,100300,200,0.2,103900,103900,100000,90728,9137046900,6696256583700,66762279
18064K,한진칼우,33700,300,0.9,33950,33950,33100,3791,126846100,18089014200,536766
005110,한창,1254,0,0,0,0,0,0,0,26467434378,21106407
009460,한창제지,518,0,0,519,525,515,54782,28404544,30907757748,59667486
372910,한컴라이프케어,2530,0,0,2530,2560,2520,98904,251133240,70016247180,27674406
000880,한화,79500,1800,2.32,79000,79600,77700,193086,15238076800,5959219432500,74958735
00088K,한화3우B,36450,1550,4.44,34850,36550,34850,56287,2033125025,707291874450,19404441
452260,한화갤러리아,1057,19,1.83,1040,1058,1036,214398,224811903,204909607770,193859610
45226K,한화갤러리아우,2095,20,0.96,2050,2095,2050,462,966445,6084864650,2904470
451800,한화리츠,4105,5,0.12,4100,4115,4085,144878,593811210,737258000000,179600000
489790,한화비전,44350,-50,-0.11,44850,44850,43550,486542,21445124075,2239160096500,50488390
088350,한화생명,3020,80,2.72,2975,3020,2960,1278526,3823540013,2622960600000,868530000
000370,한화손해보험,5290,140,2.72,5160,5310,5160,303897,1597196580,617548860350,116738915
009830,한화솔루션,28250,800,2.91,27650,28450,27350,738859,20755583100,4855964142000,171892536
009835,한화솔루션우,21300,550,2.65,20750,21550,20750,5016,106112225,54854933700,2575349
272210,한화시스템,46650,450,0.97,46250,47300,45550,1043070,48605462725,8813089496850,188919389
012450,한화에어로스페이스,871000,12000,1.4,874000,887000,863000,125169,109454722500,44911722271000,51563401
082740,한화엔진,43800,1650,3.91,42500,43850,41750,700986,30335356100,3654984819600,83447142
042660,한화오션,113900,900,0.8,113000,114900,111000,1161054,131712739100,34900485576600,306413394
003530,한화투자증권,5050,110,2.23,4990,5130,4950,1907074,9624429368,1083466263750,214547775
003535,한화투자증권우,9300,-330,-3.43,9580,9830,9190,37629,359050760,44640000000,4800000
195870,해성디에스,49550,-1350,-2.65,51300,51400,48250,218339,10722928800,842350000000,17000000
101530,해태제과식품,6510,130,2.04,6380,6570,6380,78757,513146250,189550511220,29116822
143210,핸즈코퍼레이션,1428,8,0.56,1425,1439,1412,12721,18097729,31238566716,21875747
000720,현대건설,65500,4700,7.73,62700,66400,62700,2724164,177248674950,7293802607500,111355765
000725,현대건설우,54300,2500,4.83,51900,54400,51900,8835,473516800,57269829900,1054693
453340,현대그린푸드,16080,40,0.25,16220,16240,15810,21969,352232000,527735083680,32819346
086280,현대글로비스,161400,1400,0.88,161600,162400,159700,111820,17983324000,12105000000000,75000000
064350,현대로템,179400,2200,1.24,177800,181800,177300,452494,81263271900,19580127364200,109142293
079430,현대리바트,6130,0,0,6130,6200,5980,310961,1876729755,125881278660,20535282
012330,현대모비스,298000,4500,1.53,298000,299000,295000,132670,39467143000,27038309734000,90732583
069960,현대백화점,90300,1000,1.12,91500,91500,88600,89039,8023915650,2043381813900,22628813
004560,현대비앤지스틸,10750,280,2.67,10470,10750,10450,15601,165228830,162097218250,15078811
004310,현대약품,3615,70,1.97,3520,3655,3520,59769,216612082,115680000000,32000000
017800,현대엘리베이터,82000,500,0.61,82400,83200,81600,278955,22972645350,3205575570000,39092385
307950,현대오토에버,186000,2100,1.14,183700,186000,183000,54405,10038829150,5100860652000,27423982
011210,현대위아,58900,2400,4.25,57700,58900,56700,134764,7804870350,1601790388700,27195083
004020,현대제철,30250,950,3.24,29700,30300,29600,309570,9294062125,4036734996250,133445785
005440,현대지에프홀딩스,8120,200,2.53,8000,8190,7920,150277,1215335775,1265942924120,155904301
005380,현대차,261500,4000,1.55,260500,262000,259500,402781,105105587250,53544155809000,204757766
005387,현대차2우B,199900,4500,2.3,196500,200500,196000,111307,22131830100,6989289607000,34963930
005389,현대차3우B,196700,3800,1.97,193300,196800,193300,14486,2835407550,457809808400,2327452
005385,현대차우,197100,3800,1.97,194400,198200,194200,83791,16492798650,4600503216000,23340960
001500,현대차증권,8120,170,2.14,7990,8120,7950,75000,603116180,502084317280,61833044
011760,현대코퍼레이션,22450,1450,6.9,21400,22500,21400,51293,1130370125,296990286700,13228966
227840,현대코퍼레이션홀딩스,12280,40,0.33,12250,12350,12160,26738,327362030,111758266080,9100836
126560,현대퓨처넷,3105,25,0.81,3080,3105,3065,77718,239898880,342180144225,110202945
001450,현대해상,29750,850,2.94,29250,29750,28950,436702,12898017500,2659650000000,89400000
057050,현대홈쇼핑,54500,-100,-0.18,54700,55100,54200,6271,341757400,654000000000,12000000
093240,형지엘리트,1329,57,4.48,1272,1333,1272,639332,835333870,51020654211,38390259
003010,혜인,5310,140,2.71,5250,5330,5170,78391,413858750,67504686570,12712747
111110,호전실업,7790,-110,-1.39,7900,7900,7720,21156,164830650,73039040000,9376000
008770,호텔신라,46300,550,1.2,46200,46300,45550,205640,9433454525,1817188002300,39248121
008775,호텔신라우,38800,300,0.78,38500,38950,38450,513,19859800,29172905200,751879
378850,화승알앤에이,3140,25,0.8,3095,3170,3090,42478,133414125,59639976220,18993623
241590,화승엔터프라이즈,4905,150,3.15,4760,4910,4760,118842,576725011,297190398780,60589276
006060,화승인더,3810,60,1.6,3765,3835,3760,65017,247155419,210769200000,55320000
013520,화승코퍼레이션,2090,40,1.95,2045,2100,2045,82204,170678254,104607116680,50051252
010690,화신,7850,300,3.97,7580,7850,7540,116029,893779015,274125218500,34920410
133820,화인베스틸,1851,45,2.49,1806,1880,1781,122367,226209067,68698943202,37114502
010660,화천기계,4610,75,1.65,4540,4615,4510,138557,634339516,101420000000,22000000
000850,화천기공,31850,100,0.31,31750,31950,31500,2118,67113725,70070000000,2200000
016580,환인제약,11400,130,1.15,11270,11500,11270,12618,144014190,212040798000,18600070
032560,황금에스티,6080,0,0,6100,6110,6030,7990,48372890,103360000000,17000000
004800,효성,131000,1600,1.24,132200,136000,128100,50921,6630010350,2192993317000,16740407
094280,효성ITX,12870,80,0.63,12870,12870,12750,3739,47914560,148754034000,11558200
298040,효성중공업,1960000,20000,1.03,1995000,2018000,1921000,44778,87464451000,18276114080000,9324548
298020,효성티앤씨,220000,-2000,-0.9,224000,226500,216000,16973,3743082000,952090040000,4327682
298000,효성화학,38900,0,0,0,0,0,0,0,147501447900,3791811
093370,후성,7770,370,5,7500,7820,7500,1404623,10763794955,833373914100,107255330
005870,휴니드,7710,80,1.05,7730,7850,7660,50575,392175165,108834475650,14116015
079980,휴비스,2685,5,0.19,2680,2715,2615,46828,125874057,92632500000,34500000
005010,휴스틸,4030,95,2.41,3935,4040,3925,126249,504868994,226437942250,56188075
000540,흥국화재,3690,75,2.07,3595,3700,3590,21060,77009474,237055360050,64242645
000545,흥국화재우,7040,170,2.47,6870,7040,6810,1763,12095620,5406720000,768000
003280,흥아해운,1596,22,1.4,1585,1615,1576,784959,1251701594,383718138804,240424899
