단축코드,한글종목약명,기초시장분류,기초자산분류,총보수,TER,실부담비용률,펀드코드,표준코드
495710,BNK 26-06 특수채(AAA이상)액티브,국내,채권,0.1000,0.1100,0.1117,K55240EF2948,KR7495710006
466810,BNK 2차전지양극재,국내,주식,0.3950,0.5500,0.5662,K55240E62094,KR7466810009
457930,BNK 미래전략기술액티브,국내,주식,0.4950,0.6100,0.6380,K55240E32568,KR7457930006
487750,BNK 온디바이스AI,국내,주식,0.3950,0.4900,0.5015,K55240EC9136,KR7487750002
445690,BNK 주주가치액티브,국내,주식,0.4950,0.5600,0.6223,K55240DY2458,KR7445690001
465780,마이티 26-09 특수채(AAA)액티브,국내,채권,0.0600,0.0800,0.0895,K55216E57284,KR7465780005
442260,마이티 다이나믹퀀트액티브,국내,주식,0.3000,0.3200,0.3736,K55216DW2765,KR7442260006
0001P0,마이티 바이오시밀러&CDMO액티브,국내,주식,0.8100,0.8300,0.8308,K55216EG6021,KR70001P0004
159800,마이티 코스피100,국내,주식,0.3900,0.4100,0.4241,KR5216AB3979,KR7159800002
472840,ITF 200,국내,주식,0.0800,0.1100,0.1129,K55234E63129,KR7472840008
0005G0,ITF K-AI반도체코어테크,국내,주식,0.2800,0.3000,0.3001,K55234EG3166,KR70005G0001
361580,RISE 200TR,국내,주식,0.0120,0.0500,0.0662,K55223D93485,KR7361580004
290080,RISE 200고배당커버드콜ATM,국내,주식,0.4000,0.4500,0.5174,K55223C37096,KR7290080001
284980,RISE 200금융,국내,주식,0.1900,0.2500,0.2585,K55223C02611,KR7284980000
252400,RISE 200선물레버리지,국내,주식,0.6000,0.6300,0.8449,K55223BG9631,KR7252400007
252420,RISE 200선물인버스2X,국내,주식,0.6000,0.6400,0.9496,K55223BH1595,KR7252420005
252410,RISE 200선물인버스,국내,주식,0.6000,0.6400,0.7957,K55223BG9649,KR7252410006
475720,RISE 200위클리커버드콜,국내,주식,0.3000,0.3300,0.4161,K55223E88442,KR7475720009
148020,RISE 200,국내,주식,0.0170,0.0400,0.0540,KR5223A66905,KR7148020001
464540,RISE 25-03 회사채(AA-이상)액티브,국내,채권,0.0500,0.0700,0.0741,K55223E49477,KR7464540004
483230,RISE 25-06 은행채(AA+이상)액티브,국내,채권,0.0500,0.0600,0.0610,K55223EB3891,KR7483230009
448600,RISE 25-11 회사채(AA-이상)액티브,국내,채권,0.0700,0.0900,0.0925,K55223DY8605,KR7448600007
465330,RISE 2차전지TOP10,국내,주식,0.0700,0.1500,0.1833,K55223E57140,KR7465330009
465350,RISE 2차전지TOP10인버스(합성),국내,주식,0.4900,0.5700,0.5767,K55223E57157,KR7465350007
422420,RISE 2차전지액티브,국내,주식,0.3500,0.4200,0.4693,K55223DS8611,KR7422420000
105780,RISE 5대그룹주,국내,주식,0.4000,0.4500,0.4592,KR5223884903,KR7105780001
469070,RISE AI&로봇,국내,주식,0.4000,0.4800,0.5174,K55223E63783,KR7469070007
477080,RISE CD금리액티브(합성),국내,기타,0.0200,0.0400,0.0401,K55223E89887,KR7477080006
290130,RISE ESG사회책임투자,국내,주식,0.3000,0.3300,0.3858,K55223C37088,KR7290130004
367760,RISE 5G테크,국내,주식,0.4500,0.5100,0.5403,K55223DB4882,KR7367760006
367770,RISE 수소경제테마,국내,주식,0.4500,0.5100,0.5449,K55223DB4890,KR7367770005
388280,RISE 컨택트대표,국내,주식,0.4500,0.5200,0.5489,K55223DJ8893,KR7388280000
427120,RISE 플랫폼테마,국내,주식,0.4500,0.7000,0.7328,K55223DT7141,KR7427120001
326240,RISE IT플러스,국내,주식,0.4000,0.4600,0.4745,K55223CR0578,KR7326240009
385560,RISE KIS국고채30년Enhanced,국내,채권,0.0500,0.0700,0.0858,K55223DJ2151,KR7385560008
479520,RISE KOFR금리액티브(합성),국내,기타,0.0200,0.0300,0.0311,K55223E98490,KR7479520009
270800,RISE KQ고배당,국내,주식,0.3000,0.4200,0.4647,K55223BR9539,KR7270800006
292050,RISE KRX300,국내,주식,0.0500,0.1000,0.1219,K55223C53515,KR7292050002
442550,RISE TDF2030액티브,국내&해외,기타,0.0100,0.2600,0.2887,K55223DX5230,KR7442550000
442560,RISE TDF2040액티브,국내&해외,기타,0.0100,0.2500,0.2748,K55223DX5248,KR7442560009
442570,RISE TDF2050액티브,국내&해외,기타,0.0100,0.1300,0.1810,K55223DX5255,KR7442570008
234310,RISE V&S셀렉트밸류,국내,주식,0.3000,0.6600,0.7043,K55223B91129,KR7234310001
241390,RISE V&S셀렉트밸류채권혼합,국내,혼합자산,0.2300,0.4100,0.4180,K55223BB7382,KR7241390004
401170,RISE 메타버스,국내,주식,0.4500,0.5200,0.5406,K55223DN5018,KR7401170006
300640,RISE 게임테마,국내,주식,0.3000,0.3500,0.3690,K55223CB7639,KR7300640000
266160,RISE 고배당,국내,주식,0.2000,0.2600,0.2718,K55223BM7066,KR7266160001
481430,RISE 국고채10년액티브,국내,채권,0.0120,0.0300,0.0340,K55223EB1440,KR7481430007
282000,RISE 국고채3년선물인버스,국내,채권,0.0700,0.0900,0.1185,K55223BY8797,KR7282000009
114100,RISE 국고채3년,국내,채권,0.1150,0.1400,0.1421,KR5223149026,KR7114100001
451670,RISE 국채30년레버리지(합성),국내,채권,0.1000,0.1300,0.1460,K55223E00629,KR7451670004
295020,RISE 국채선물10년인버스,국내,채권,0.0700,0.1000,0.1215,K55223C82720,KR7295020002
295000,RISE 국채선물10년,국내,채권,0.0700,0.1300,0.1474,K55223C82712,KR7295000004
432600,RISE 국채선물3년,국내,채권,0.0700,0.1200,0.1348,K55223DU5613,KR7432600005
397410,RISE 국채선물5년추종인버스,국내,채권,0.0700,0.1100,0.1320,K55223DM4525,KR7397410002
397420,RISE 국채선물5년추종,국내,채권,0.0700,0.1500,0.1694,K55223DM4517,KR7397420001
437370,RISE 글로벌농업경제,해외,주식,0.4000,0.8500,0.8739,K55223DV1611,KR7437370000
375270,RISE 글로벌데이터센터리츠(합성),해외,부동산,0.4000,0.5800,0.5800,K55223DE1216,KR7375270006
475380,RISE 글로벌리얼티인컴,해외,부동산,0.0100,0.1100,0.2326,K55223E85695,KR7475380002
476310,RISE 글로벌비만산업TOP2+,해외,주식,0.3500,0.5300,0.6908,K55223E89259,KR7476310008
417450,RISE 글로벌수소경제,해외,주식,0.4000,0.7400,0.8841,K55223DQ9652,KR7417450004
442320,RISE 글로벌원자력,해외,주식,0.4000,0.5300,0.8562,K55223DX4944,KR7442320008
461490,RISE 글로벌자산배분액티브,해외,혼합자산,0.0100,0.1100,0.1740,K55223E34636,KR7461490005
459750,RISE 글로벌주식분산액티브,해외,주식,0.2000,0.4700,0.5435,K55223E32523,KR7459750006
399580,RISE 글로벌클린에너지,해외,주식,0.4000,0.9600,1.1066,K55223DK6670,KR7399580000
276650,RISE 글로벌테크놀로지(합성 H),국내&해외,주식,0.4000,0.5500,0.5605,K55223BU6548,KR7276650009
336160,RISE 금융채액티브,국내,채권,0.0700,0.0900,0.0944,K55223CW3484,KR7336160007
326230,RISE 내수주플러스,국내,주식,0.4000,0.4700,0.4801,K55223CR0586,KR7326230000
272560,RISE 단기국공채액티브,국내,채권,0.0700,0.0900,0.0951,K55223BR5941,KR7272560004
385550,RISE 단기종합채권(AA-이상)액티브,국내,채권,0.0500,0.0700,0.0807,K55223DJ2169,KR7385550009
196230,RISE 단기통안채,국내,채권,0.1300,0.1500,0.1565,KR5223AO8602,KR7196230007
315960,RISE 대형고배당10TR,국내,주식,0.0700,0.1300,0.1448,K55223CJ3036,KR7315960005
455890,RISE 머니마켓액티브,국내,채권,0.0500,0.0600,0.0611,K55223E22581,KR7455890004
481340,RISE 미국30년국채액티브,해외,채권,0.0500,0.1900,0.2212,K55223EB1457,KR7481340008
472870,RISE 미국30년국채엔화노출(합성 H),해외,채권,0.1500,0.1800,0.1866,K55223E77825,KR7472870005
472830,RISE 미국30년국채커버드콜(합성),해외,채권,0.2500,0.3800,0.3988,K55223E76066,KR7472830009
485690,RISE 미국AI밸류체인TOP3Plus,해외,주식,0.0100,0.0700,0.4812,K55223EB6860,KR7485690002
490590,RISE 미국AI밸류체인데일리고정커버드콜,해외,주식,0.2500,0.3400,0.5155,K55223ED1158,KR7490590007
495940,RISE 미국AI테크액티브,해외,주식,0.5000,0.5400,0.7602,K55223EF7427,KR7495940009
0005C0,RISE 미국S&P500엔화노출(합성 H),해외,주식,0.1000,0.1200,0.1200,K55223EG9927,KR70005C0005
379780,RISE 미국S&P500,해외,주식,0.0040,0.1100,0.1740,K55223DG4176,KR7379780000
453330,RISE 미국S&P500(H),해외,주식,0.0040,0.2000,0.2790,K55223E05289,KR7453330003
460660,RISE 미국S&P배당킹,해외,주식,0.0100,0.4000,0.4626,K55223E34644,KR7460660004
219390,RISE 미국S&P원유생산기업(합성 H),해외,주식,0.2500,0.3800,0.3800,K55223B28170,KR7219390002
354240,RISE 미국고정배당우선증권 TR,해외,혼합자산,0.5000,0.7800,0.9688,K55223D48455,KR7354240004
368590,RISE 미국나스닥100,해외,주식,0.0060,0.1400,0.1924,K55223DB4908,KR7368590006
437350,RISE 미국단기투자등급회사채액티브,해외,채권,0.1000,0.1800,0.1813,K55223DV1603,KR7437350002
455960,RISE 미국달러SOFR금리액티브(합성),해외,기타,0.0500,0.0800,0.0800,K55223E20338,KR7455960005
469530,RISE 미국달러선물인버스,국내,통화,0.0500,0.1000,0.2122,K55223E65788,KR7469530000
469060,RISE 미국반도체NYSE,해외,주식,0.0100,0.1900,0.4371,K55223E65903,KR7469060008
469050,RISE 미국반도체NYSE(H),해외,주식,0.0100,0.1500,0.3976,K55223E65911,KR7469050009
491630,RISE 미국반도체인버스(합성 H),해외,주식,0.4900,0.5700,0.5706,K55223ED9425,KR7491630000
490600,RISE 미국배당100데일리고정커버드콜,해외,주식,0.2500,0.4600,0.6634,K55223ED1166,KR7490600004
449580,RISE 미국빅데이터Top3채권혼합,해외,혼합자산,0.2400,0.4400,0.4641,K55223DZ2888,KR7449580000
267490,RISE 미국장기국채선물레버리지(합성 H),해외,채권,0.5000,0.7400,0.7717,K55223BN1118,KR7267490001
267450,RISE 미국장기국채선물인버스(H),해외,채권,0.4000,1.1700,1.3269,K55223BN1092,KR7267450005
267440,RISE 미국장기국채선물(H),해외,채권,0.4000,0.5700,0.6266,K55223BN1084,KR7267440006
491620,RISE 미국테크100데일리고정커버드콜,해외,주식,0.2500,0.4400,0.6212,K55223ED9417,KR7491620001
0000Z0,RISE 바이오TOP10액티브,국내,주식,0.5000,0.5100,0.5293,K55223EG4761,KR70000Z0003
446700,RISE 배터리 리사이클링,국내,주식,0.4000,0.4800,0.5422,K55223DY3945,KR7446700007
475350,RISE 버크셔포트폴리오TOP10,해외,주식,0.0100,0.1500,0.3318,K55223E85687,KR7475350005
388420,RISE 비메모리반도체액티브,국내,주식,0.5000,0.5700,0.6106,K55223DJ8901,KR7388420002
448630,RISE 삼성그룹Top3채권혼합,국내,혼합자산,0.2000,0.4300,0.4361,K55223DY8589,KR7448630004
140570,RISE 수출주,국내,주식,0.4000,0.5700,0.5933,KR5223A20043,KR7140570003
140580,RISE 우량업종대표주,국내,주식,0.4000,0.5300,0.6279,KR5223A20027,KR7140580002
379790,RISE 유로스탁스50(H),해외,주식,0.0210,0.5800,0.6238,K55223DG4184,KR7379790009
488480,RISE 일본섹터TOP4Plus,해외,주식,0.3000,0.4800,0.6297,K55223EC5739,KR7488480005
385540,RISE 종합채권(A-이상)액티브,국내,채권,0.0120,0.0300,0.0425,K55223DJ2177,KR7385540000
183710,RISE 주식혼합,국내,혼합자산,0.2500,0.4000,0.4192,KR5223AL4158,KR7183710003
310080,RISE 중국MSCI China(H),해외,주식,0.6000,0.8200,0.8643,K55223CG2510,KR7310080007
463300,RISE 중국본토CSI300,해외,주식,0.0500,0.2500,0.3677,K55223E45640,KR7463300004
174360,RISE 중국본토대형주CSI100,해외,주식,0.6500,0.9100,0.9756,KR5223AI2538,KR7174360008
136340,RISE 중기우량회사채,국내,채권,0.0700,0.1000,0.1035,KR5223970371,KR7136340007
281990,RISE 중소형고배당,국내,주식,0.3000,0.4700,0.5042,K55223BY3509,KR7281990002
272570,RISE 중장기국공채액티브,국내,채권,0.0700,0.0900,0.0917,K55223BR5958,KR7272570003
250730,RISE 차이나HSCEI(H),해외,주식,0.0210,0.2500,0.4224,K55223BF0979,KR7250730009
291680,RISE 차이나H선물인버스(H),해외,주식,0.6000,1.4400,2.0197,K55223C53507,KR7291680007
371150,RISE 차이나항셍테크,해외,주식,0.1400,0.6100,0.7323,K55223DC9849,KR7371150004
183700,RISE 채권혼합,국내,혼합자산,0.2000,0.2900,0.2992,KR5223AL4166,KR7183700004
498860,RISE 코리아금융고배당,국내,주식,0.1000,0.1100,0.1152,K55223EG3144,KR7498860006
495050,RISE 코리아밸류업,국내,주식,0.0080,0.0200,0.0313,K55223EF9191,KR7495050007
278240,RISE 코스닥150선물레버리지,국내,주식,0.6000,0.6400,0.8354,K55223BV8089,KR7278240007
275750,RISE 코스닥150선물인버스,국내,주식,0.6000,0.7100,0.8589,K55223BT0197,KR7275750008
270810,RISE 코스닥150,국내,주식,0.1800,0.2200,0.2380,K55223BQ7476,KR7270810005
302450,RISE 코스피,국내,주식,0.1400,0.1600,0.1732,K55223CC1474,KR7302450002
334700,RISE 팔라듐선물인버스(H),해외,원자재,0.6000,1.2900,1.4557,K55223CV8492,KR7334700002
334690,RISE 팔라듐선물(H),해외,원자재,0.6000,1.0100,1.1302,K55223CV8484,KR7334690005
253280,RISE 헬스케어,국내,주식,0.4000,0.1700,0.1954,K55223BH3559,KR7253280002
253290,RISE 헬스케어채권혼합,국내,혼합자산,0.3500,0.4200,0.4267,K55223BH3617,KR7253290001
407310,HANARO 200 TOP10,국내,주식,0.1500,0.2400,0.2463,K55232DO9372,KR7407310002
332930,HANARO 200TR,국내,주식,0.0700,0.0700,0.0784,K55232CU2966,KR7332930007
486780,HANARO 200선물레버리지1.5X,국내,주식,0.2500,0.2800,0.3375,K55232EC3790,KR7486780000
304780,HANARO 200선물레버리지,국내,주식,0.4500,0.4700,0.5650,K55232CC8882,KR7304780000
306520,HANARO 200선물인버스,국내,주식,0.4500,0.5100,0.5905,K55232CD6992,KR7306520008
293180,HANARO 200,국내,주식,0.0360,0.0600,0.0704,K55232C57764,KR7293180006
489570,HANARO 25-12 은행채(AA+이상)액티브,국내,채권,0.0200,0.0300,0.0306,K55232ED3922,KR7489570002
448490,HANARO 32-10 국고채액티브,국내,채권,0.0500,0.0700,0.0759,K55232DY8190,KR7448490003
454320,HANARO CAPEX설비투자iSelect,국내,주식,0.4500,0.5200,0.5485,K55232E17012,KR7454320003
471290,HANARO CD금리액티브(합성),국내,기타,0.0200,0.0600,0.0600,K55232E57257,KR7471290007
395290,HANARO Fn K-POP&미디어,국내,주식,0.4500,0.5100,0.5212,K55232DL2883,KR7395290000
395280,HANARO Fn K-게임,국내,주식,0.4500,0.5300,0.5489,K55232DL2875,KR7395280001
368190,HANARO Fn K-뉴딜디지털플러스,국내,주식,0.4500,0.5100,0.5302,K55232DB8908,KR7368190005
402460,HANARO Fn K-메타버스MZ,국내,주식,0.4500,0.6100,0.6325,K55232DN6882,KR7402460000
395270,HANARO Fn K-반도체,국내,주식,0.4500,0.5100,0.5246,K55232DL2867,KR7395270002
438900,HANARO Fn K-푸드,국내,주식,0.4500,0.5300,0.5492,K55232DW2039,KR7438900003
367740,HANARO Fn5G산업,국내,주식,0.4500,0.6000,0.6265,K55232DB8353,KR7367740008
407300,HANARO Fn골프테마,국내,주식,0.4500,0.7200,0.7409,K55232DO9380,KR7407300003
381560,HANARO Fn전기&수소차,국내,주식,0.4500,0.5200,0.5445,K55232DH1816,KR7381560002
441540,HANARO Fn조선해운,국내,주식,0.4500,0.5100,0.5214,K55232DV7591,KR7441540002
381570,HANARO Fn친환경에너지,국내,주식,0.4500,0.6300,0.6546,K55232DH1824,KR7381570001
473380,HANARO K-메디테크,국내,주식,0.4500,0.6500,0.7274,K55232E75879,KR7473380004
479850,HANARO K-뷰티,국내,주식,0.4500,0.5200,0.5333,K55232E99861,KR7479850000
346000,HANARO KAP초장기국고채,국내,채권,0.2000,0.2500,0.2576,K55232CX4522,KR7346000003
453060,HANARO KOFR금리액티브(합성),국내,기타,0.0500,0.0800,0.0800,K55232E07666,KR7453060006
304760,HANARO KRX300,국내,주식,0.0500,0.2500,0.2564,K55232CC8866,KR7304760002
322400,HANARO e커머스,국내,주식,0.4500,0.5200,0.5391,K55232CN9911,KR7322400003
322410,HANARO 고배당,국내,주식,0.2500,0.4200,0.4531,K55232CN9895,KR7322410002
464060,HANARO 글로벌반도체TOP10 SOLACTIVE,해외,주식,0.4500,0.6900,0.7344,K55232E43232,KR7464060003
473640,HANARO 글로벌금채굴기업,해외,주식,0.4500,0.9000,0.9525,K55232E64931,KR7473640001
432850,HANARO 글로벌백신치료제MSCI,해외,주식,0.5000,0.9900,1.3806,K55232DU0407,KR7432850006
461340,HANARO 글로벌생성형AI액티브,해외,주식,0.6000,0.9400,1.2468,K55232E40014,KR7461340002
448510,HANARO 글로벌신재생에너지MSCI(합성),해외,주식,0.5000,0.6900,0.6900,K55232DY5501,KR7448510008
424460,HANARO 글로벌워터MSCI(합성),해외,주식,0.5000,0.6300,0.6300,K55232DS6564,KR7424460004
314700,HANARO 농업융복합산업,국내,주식,0.5000,0.6700,0.6891,K55232CI1899,KR7314700006
390950,HANARO 단기채권액티브,국내,채권,0.1000,0.1600,0.1630,K55232DK1951,KR7390950004
486830,HANARO 머니마켓액티브,국내,채권,0.0400,0.0500,0.0515,K55232EC9151,KR7486830003
432840,HANARO 미국S&P500,해외,주식,0.0450,0.6600,0.6636,K55232DU0555,KR7432840007
419170,HANARO 미국메타버스iSelect,해외,주식,0.4900,0.8800,1.2724,K55232DR1111,KR7419170006
498050,HANARO 바이오코리아액티브,국내,주식,0.5000,0.5200,0.5207,K55232EF5040,KR7498050004
476260,HANARO 반도체핵심공정주도주,국내,주식,0.4500,0.6700,0.7575,K55232E86629,KR7476260005
434730,HANARO 원자력iSelect,국내,주식,0.4500,0.5300,0.5488,K55232DU8475,KR7434730008
491820,HANARO 전력설비투자,국내,주식,0.3500,0.3900,0.3965,K55232EE1347,KR7491820007
461500,HANARO 종합채권(AA-이상)액티브,국내,채권,0.0200,0.0400,0.0459,K55232E28837,KR7461500001
482870,HANARO 주주가치성장코리아액티브,국내,주식,0.6000,0.6600,0.6699,K55232EB7313,KR7482870003
495750,HANARO 코리아밸류업,국내,주식,0.0300,0.0500,0.0560,K55232EF9588,KR7495750002
486790,HANARO 코스닥150선물레버리지1.5X,국내,주식,0.2500,0.3700,0.4294,K55232EC3808,KR7486790009
306530,HANARO 코스닥150선물레버리지,국내,주식,0.4500,0.8400,1.0243,K55232CD6984,KR7306530007
304770,HANARO 코스닥150,국내,주식,0.2000,0.2400,0.2560,K55232CC8874,KR7304770001
375760,HANARO 탄소효율그린뉴딜,국내,주식,0.2000,0.3300,0.3503,K55232DE0613,KR7375760006
491510,파워 K-주주가치액티브,국내,주식,0.4050,0.4300,0.4758,K55207EE5208,KR7491510004
140950,파워 코스피100,국내,주식,0.1550,0.1800,0.1954,KR5207A24857,KR7140950007
152870,파워 200,국내,주식,0.1450,0.1700,0.1856,KR5207A82418,KR7152870002
192720,파워 고배당저변동성,국내,주식,0.2300,0.2400,0.3086,KR5207AN0410,KR7192720001
498180,파워 종합채권(AA-이상)액티브,국내,채권,0.0360,0.0400,0.0413,K55207EF7450,KR7498180009
486240,DAISHIN343 AI반도체&인프라액티브,국내,주식,0.3600,0.4000,0.4439,K55203EA9349,KR7486240005
434960,DAISHIN343 K200,국내,주식,0.1000,0.1800,0.2201,K55203DT1106,KR7434960001
488290,마이다스 일본테크액티브,해외,주식,0.6500,0.8200,0.8636,K55303EC8553,KR7488290008
438740,마이다스 중소형액티브,국내,주식,0.6200,0.6800,0.9016,K55303DW3692,KR7438740003
403790,마이다스 코스피액티브,국내,주식,0.6200,0.3200,0.3738,K55303DM7976,KR7403790009
310960,TIGER 200TR,국내,주식,0.0900,0.1300,0.1507,K55301CG5203,KR7310960000
227550,TIGER 200 산업재,국내,주식,0.4000,0.4400,0.7049,K55301B69905,KR7227550001
227560,TIGER 200 생활소비재,국내,주식,0.4000,0.4400,0.4571,K55301B69913,KR7227560000
102110,TIGER 200,국내,주식,0.0500,0.0700,0.0923,KR5225812712,KR7102110004
243880,TIGER 200IT레버리지,국내,주식,0.6300,0.7200,1.1025,K55301BD4689,KR7243880002
252000,TIGER 200동일가중,국내,주식,0.2100,0.2900,0.3558,K55301BG7119,KR7252000005
267770,TIGER 200선물레버리지,국내,주식,0.0220,0.0400,0.2281,K55301BO0239,KR7267770006
252710,TIGER 200선물인버스2X,국내,주식,0.0220,0.0500,0.3516,K55301BH0360,KR7252710009
243890,TIGER 200에너지화학레버리지,국내,주식,0.6900,0.7400,1.3545,K55301BD4697,KR7243890001
315270,TIGER 200커뮤니케이션서비스,국내,주식,0.4000,0.4400,0.4591,K55301CI8700,KR7315270009
166400,TIGER 200커버드콜OTM,국내,주식,0.3800,0.4000,0.4256,KR5301AC6688,KR7166400002
227540,TIGER 200 헬스케어,국내,주식,0.4000,0.4400,0.6047,K55301B69897,KR7227540002
453540,TIGER 25-10 회사채(A+이상)액티브,국내,채권,0.1000,0.1200,0.1283,K55301DZ9672,KR7453540007
494900,TIGER 25-12 금융채(AA-이상),국내,채권,0.1000,0.1100,0.1148,K55301EE9726,KR7494900004
0001S0,TIGER 26-04 회사채(A+이상)액티브,국내,채권,0.1000,0.1100,0.1114,K55301EG5110,KR70001S0001
480260,TIGER 27-04회사채(A+이상)액티브,국내,채권,0.1000,0.1100,0.1236,K55301E99955,KR7480260009
364980,TIGER 2차전지TOP10,국내,주식,0.4000,0.4300,0.5440,K55301DA5554,KR7364980003
412570,TIGER 2차전지TOP10레버리지,국내,주식,0.2900,0.3300,1.2622,K55301DN9130,KR7412570004
462010,TIGER 2차전지소재Fn,국내,주식,0.3900,0.4500,0.5372,K55301E34416,KR7462010000
305540,TIGER 2차전지테마,국내,주식,0.4400,0.5500,0.6342,K55301CC8524,KR7305540007
471760,TIGER AI반도체핵심공정,국내,주식,0.4500,0.5200,0.6555,K55301E68273,KR7471760009
365040,TIGER AI코리아그로스액티브,국내,주식,0.4000,0.4200,0.5489,K55301D98900,KR7365040005
364960,TIGER BBIG,국내,주식,0.4000,0.4400,0.5469,K55301DA5547,KR7364960005
412560,TIGER BBIG레버리지,국내,주식,0.5900,0.6500,1.3812,K55301DN9403,KR7412560005
475630,TIGER CD1년금리액티브(합성),국내,기타,0.0090,0.0300,0.0348,K55301E85343,KR7475630000
357870,TIGER CD금리투자KIS(합성),국내,기타,0.0300,0.0500,0.0571,K55301D61007,KR7357870005
499660,TIGER CD금리플러스액티브(합성),국내,기타,0.0090,0.0100,0.0117,K55301EF8008,KR7499660009
400970,TIGER Fn메타버스,국내,주식,0.4500,0.5100,0.5709,K55301DM9925,KR7400970000
396500,TIGER Fn반도체TOP10,국내,주식,0.4500,0.5100,0.5521,K55301DL2400,KR7396500001
377990,TIGER Fn신재생에너지,국내,주식,0.5000,0.5600,0.6964,K55301DE7374,KR7377990007
417630,TIGER KEDI혁신기업ESG30,국내,주식,0.5000,0.5800,0.6957,K55301DQ0219,KR7417630001
292160,TIGER KRX300,국내,주식,0.0700,0.1300,0.1443,K55301C47735,KR7292160009
404540,TIGER KRX기후변화솔루션,국내,주식,0.0900,0.1500,0.2427,K55301DN6458,KR7404540007
300610,TIGER K게임,국내,주식,0.5000,0.5500,0.6204,K55301CB3302,KR7300610003
138530,TIGER LG그룹+펀더멘털,국내,주식,0.1500,0.2100,0.2437,KR5225A04026,KR7138530001
445910,TIGER MKF배당귀족,국내,주식,0.2000,0.2600,0.3623,K55301DX5334,KR7445910003
289260,TIGER MSCI KOREA ESG리더스,국내,주식,0.4000,0.4600,0.5030,K55301C21037,KR7289260002
289250,TIGER MSCI KOREA ESG유니버설,국내,주식,0.4000,0.4600,0.4995,K55301C21029,KR7289250003
310970,TIGER MSCI Korea TR,국내,주식,0.1200,0.1700,0.1942,K55301CG5815,KR7310970009
0000D0,TIGER 엔비디아미국채커버드콜밸런스(합성),해외,혼합자산,0.3900,0.4000,0.4013,K55301EG5219,KR70000D0009
269370,TIGER S&P글로벌인프라(합성),해외,주식,0.4000,0.4800,0.4836,K55301BO5469,KR7269370003
292150,TIGER TOP10,국내,주식,0.1500,0.1900,0.2128,K55301C47545,KR7292150000
453950,TIGER TSMC파운드리밸류체인,해외,주식,0.4900,0.6600,0.8028,K55301E05523,KR7453950008
364990,TIGER 게임TOP10,국내,주식,0.4000,0.4400,0.5266,K55301DA5588,KR7364990002
139280,TIGER 경기방어,국내,주식,0.4000,0.4200,0.4452,KR5225A18109,KR7139280002
237440,TIGER 경기방어채권혼합,국내,혼합자산,0.1800,0.2400,0.2516,K55301BA0110,KR7237440003
319640,TIGER 골드선물(H),해외,원자재,0.3900,0.4500,0.4742,K55301CM5189,KR7319640009
160580,TIGER 구리실물,해외,원자재,0.8300,1.0200,1.0578,KR5301AB9295,KR7160580007
114820,TIGER 국채3년,국내,채권,0.1500,0.1700,0.1723,KR5225151061,KR7114820004
464310,TIGER 글로벌AI&로보틱스 INDXX,해외,주식,0.4900,0.5700,0.6838,K55301E40645,KR7464310002
418670,TIGER 글로벌AI사이버보안,해외,주식,0.4900,0.5500,0.6510,K55301DQ2231,KR7418670006
466950,TIGER 글로벌AI액티브,해외,주식,0.7900,0.8800,1.2181,K55301E58613,KR7466950003
440340,TIGER 글로벌멀티에셋TIF액티브,해외,혼합자산,0.5500,0.6500,0.7639,K55301DW0591,KR7440340008
412770,TIGER 글로벌메타버스액티브,해외,주식,0.7900,0.8800,1.0329,K55301DP1325,KR7412770000
476690,TIGER 글로벌비만치료제TOP2Plus,해외,주식,0.4500,0.5300,0.7010,K55301E88149,KR7476690003
480310,TIGER 글로벌온디바이스AI,해외,주식,0.4900,0.5700,0.8357,K55301E97694,KR7480310002
387270,TIGER 글로벌이노베이션액티브,해외,주식,0.5500,0.6000,0.7494,K55301DH6423,KR7387270002
371450,TIGER 글로벌클라우드컴퓨팅INDXX,해외,주식,0.4900,0.5700,0.6390,K55301DC7616,KR7371450008
248270,TIGER S&P글로벌헬스케어(합성),해외,주식,0.4000,0.4700,0.4855,K55301BE6980,KR7248270001
464930,TIGER 글로벌혁신블루칩TOP10,해외,주식,0.4800,0.5700,0.6596,K55301E40066,KR7464930007
272580,TIGER 단기채권액티브,국내,채권,0.0600,0.0900,0.0955,K55301BR4790,KR7272580002
157450,TIGER 단기통안채,국내,채권,0.0700,0.1100,0.1169,KR5301AA4834,KR7157450008
105010,TIGER 라틴35,해외,주식,0.4900,0.6700,0.6980,KR5225844749,KR7105010003
123320,TIGER 레버리지,국내,주식,0.0220,0.0400,0.6078,KR5225220155,KR7123320004
341850,TIGER 리츠부동산인프라채권TR KIS,국내,혼합자산,0.2200,0.2500,0.2719,K55301CY0731,KR7341850006
329200,TIGER 리츠부동산인프라,국내,부동산,0.0800,0.1300,0.1600,K55301CS7395,KR7329200000
147970,TIGER 모멘텀,국내,주식,0.2300,0.3500,0.7718,KR5225A65191,KR7147970008
458250,TIGER 미국30년국채스트립액티브(합성 H),해외,채권,0.1500,0.2100,0.2262,K55301E15670,KR7458250008
491830,TIGER 미국AI반도체팹리스,해외,주식,0.4900,0.5200,0.6721,K55301EE2671,KR7491830006
490090,TIGER 미국AI빅테크10,해외,주식,0.3000,0.3300,0.4742,K55301ED3241,KR7490090008
493810,TIGER 미국AI빅테크10타겟데일리커버드콜,해외,주식,0.2500,0.2800,0.3738,K55301ED3282,KR7493810006
448290,TIGER 미국S&P500TR(H),해외,주식,0.0700,0.1900,0.2465,K55301DY6612,KR7448290007
488500,TIGER 미국S&P500동일가중,해외,주식,0.2000,0.2700,0.4152,K55301EC3069,KR7488500000
429000,TIGER 미국S&P500배당귀족,해외,주식,0.2500,0.3600,0.4555,K55301DS7063,KR7429000003
360750,TIGER 미국S&P500,해외,주식,0.0060,0.1500,0.2019,K55301D79199,KR7360750004
483240,TIGER 미국나스닥100ETF선물,국내,주식,0.0090,0.0200,0.0495,K55301EB0736,KR7483240008
435420,TIGER 미국나스닥100TR채권혼합Fn,국내&해외,혼합자산,0.2500,0.4100,0.4283,K55301DU4926,KR7435420005
448300,TIGER 미국나스닥100TR(H),해외,주식,0.0700,0.2200,0.2973,K55301DY5762,KR7448300004
418660,TIGER 미국나스닥100레버리지(합성),해외,주식,0.2500,0.3800,0.4011,K55301DQ3577,KR7418660007
133690,TIGER 미국나스닥100,해외,주식,0.7000,0.1900,0.2168,KR5225652084,KR7133690008
441680,TIGER 미국나스닥100커버드콜(합성),해외,주식,0.3700,0.4900,0.5086,K55301DX0400,KR7441680006
429010,TIGER 미국나스닥넥스트100,해외,주식,0.4900,0.7100,0.8134,K55301DT2428,KR7429010002
245340,TIGER 미국다우존스30,해외,주식,0.3500,0.4300,0.4972,K55301BD8854,KR7245340005
456610,TIGER 미국달러SOFR금리액티브(합성),해외,기타,0.0500,0.0800,0.0800,K55301E17064,KR7456610005
329750,TIGER 미국달러단기채권액티브,해외,채권,0.3000,0.3200,0.3249,K55301CR6349,KR7329750004
261110,TIGER 미국달러선물레버리지,국내,통화,0.0500,0.0800,0.2785,K55301BK2361,KR7261110001
261120,TIGER 미국달러선물인버스2X,국내,통화,0.0500,0.0800,0.2860,K55301BK2346,KR7261120000
494840,TIGER 미국방산TOP10,해외,주식,0.4500,0.4900,0.6053,K55301EE9171,KR7494840002
458730,TIGER 미국배당다우존스,해외,주식,0.0100,0.0800,0.1355,K55301E27634,KR7458730009
0008S0,TIGER 미국배당다우존스타겟데일리커버드콜,해외,주식,0.2500,0.2700,0.4006,K55301EG7256,KR70008S0004
305080,TIGER 미국채10년선물,해외,채권,0.2500,0.3600,0.3931,K55301CD2872,KR7305080004
465670,TIGER 미국캐시카우100,해외,주식,0.2500,0.3900,0.6699,K55301E49703,KR7465670008
381170,TIGER 미국테크TOP10 INDXX,해외,주식,0.4900,0.5700,0.6548,K55301DG0369,KR7381170000
472160,TIGER 미국테크TOP10 INDXX(H),해외,주식,0.4900,0.5800,0.8050,K55301E73182,KR7472160001
472170,TIGER 미국테크TOP10채권혼합,국내&해외,혼합자산,0.2500,0.3400,0.4295,K55301E70402,KR7472170000
458260,TIGER 미국투자등급회사채액티브(H),해외,채권,0.1400,0.2200,0.2755,K55301E15696,KR7458260007
497570,TIGER 미국필라델피아AI반도체나스닥,해외,주식,0.4900,0.5200,0.6707,K55301EF4932,KR7497570002
381180,TIGER 미국필라델피아반도체나스닥,해외,주식,0.4900,0.6300,0.7337,K55301DF8777,KR7381180009
228810,TIGER 미디어컨텐츠,국내,주식,0.4400,0.5500,0.6003,K55301B73741,KR7228810008
364970,TIGER 바이오TOP10,국내,주식,0.4000,0.4400,0.5448,K55301DA5562,KR7364970004
091230,TIGER 반도체,국내,주식,0.4600,0.4800,0.5236,KR5225578230,KR7091230003
488080,TIGER 반도체TOP10레버리지,국내,주식,0.4900,0.5200,1.6810,K55301EC6161,KR7488080003
098560,TIGER 방송통신,국내,주식,0.4600,0.4900,0.5302,KR5225734031,KR7098560006
138520,TIGER 삼성그룹펀더멘털,국내,주식,0.1130,0.2100,0.2398,KR5225A01840,KR7138520002
157490,TIGER 소프트웨어,국내,주식,0.4000,0.4500,0.5076,KR5301AA1269,KR7157490004
228800,TIGER 여행레저,국내,주식,0.5000,0.5500,0.5749,K55301B73758,KR7228800009
227570,TIGER 우량가치,국내,주식,0.3500,0.4600,0.5812,K55301B69921,KR7227570009
261140,TIGER 우선주,국내,주식,0.2900,0.3200,0.3327,K55301BJ4477,KR7261140008
463250,TIGER 우주방산,국내,주식,0.4500,0.5200,0.6878,K55301E34424,KR7463250001
245350,TIGER 유로스탁스배당30,해외,주식,0.3500,0.4800,0.7233,K55301BD8862,KR7245350004
091220,TIGER 은행,국내,주식,0.4600,0.4800,0.4979,KR5225578248,KR7091220004
466940,TIGER 은행고배당플러스TOP10,국내,주식,0.3000,0.3600,0.3970,K55301E61591,KR7466940004
307510,TIGER 의료기기,국내,주식,0.5000,0.5600,0.6200,K55301CC2055,KR7307510008
453870,TIGER 인도니프티50,해외,주식,0.1900,0.3200,0.3876,K55301E05564,KR7453870008
236350,TIGER 인도니프티50레버리지(합성),해외,주식,0.5800,0.6600,0.6881,K55301B96890,KR7236350005
479730,TIGER 인도빌리언컨슈머,해외,주식,0.4900,0.6100,0.8697,K55301E98973,KR7479730004
123310,TIGER 인버스,국내,주식,0.0220,0.0500,0.1665,KR5225220130,KR7123310005
365000,TIGER 인터넷TOP10,국내,주식,0.4000,0.4400,0.5576,K55301DA5570,KR7365000009
241180,TIGER 일본니케이225,해외,주식,0.2900,0.4300,0.5051,K55301BB3675,KR7241180009
465660,TIGER 일본반도체FACTSET,해외,주식,0.4900,0.6200,0.8432,K55301E49406,KR7465660009
292560,TIGER 일본엔선물,국내,통화,0.2100,0.2800,0.4690,K55301C59425,KR7292560000
494670,TIGER 조선TOP10,국내,주식,0.3500,0.3700,0.3895,K55301EE9692,KR7494670003
150460,TIGER 중국소비테마,국내,주식,0.5000,0.5500,0.6709,KR5225A75083,KR7150460004
302190,TIGER 중장기국채,국내,채권,0.1300,0.1700,0.1779,K55301CA9094,KR7302190004
157500,TIGER 증권,국내,주식,0.4000,0.4600,0.4889,KR5301AA1251,KR7157500000
307520,TIGER 지주회사,국내,주식,0.5000,0.5600,0.5760,K55301CC2063,KR7307520007
117690,TIGER 차이나항셍25,해외,주식,0.4000,0.6200,0.6597,KR5225874118,KR7117690008
245360,TIGER 차이나HSCEI,해외,주식,0.2900,0.5800,0.6553,K55301BD8870,KR7245360003
414780,TIGER 차이나과창판STAR50(합성),해외,주식,0.0900,0.1600,0.1614,K55301DG2696,KR7414780007
371470,TIGER 차이나바이오테크SOLACTIVE,해외,주식,0.4900,0.6100,0.6629,K55301DC7590,KR7371470006
396520,TIGER 차이나반도체FACTSET,해외,주식,0.4900,0.5900,0.6366,K55301DL2376,KR7396520009
371460,TIGER 차이나전기차SOLACTIVE,해외,주식,0.4900,0.5600,0.6140,K55301DC7608,KR7371460007
456680,TIGER 차이나전기차레버리지(합성),해외,주식,0.5800,0.6300,0.6961,K55301E17478,KR7456680008
396510,TIGER 차이나클린에너지SOLACTIVE,해외,주식,0.4900,0.5700,0.5963,K55301DL2350,KR7396510000
371160,TIGER 차이나항셍테크,해외,주식,0.0900,0.1800,0.2805,K55301DC8499,KR7371160003
496080,TIGER 코리아밸류업,국내,주식,0.0080,0.0200,0.0476,K55301EF9618,KR7496080003
233160,TIGER 코스닥150 레버리지,국내,주식,0.3200,0.3600,0.7254,K55301B88376,KR7233160001
232080,TIGER 코스닥150,국내,주식,0.1900,0.2200,0.2693,K55301B84235,KR7232080002
261060,TIGER 코스닥150IT,국내,주식,0.4000,0.4400,0.4814,K55301BJ7017,KR7261060008
261070,TIGER 코스닥150바이오테크,국내,주식,0.4000,0.4300,0.4933,K55301BJ7009,KR7261070007
250780,TIGER 코스닥150선물인버스,국내,주식,0.3200,0.3600,0.5435,K55301BF1170,KR7250780004
461580,TIGER 코스닥글로벌,국내,주식,0.1500,0.1900,0.2296,K55301E34366,KR7461580003
277640,TIGER 코스피대형주,국내,주식,0.2400,0.3200,0.3321,K55301BV2962,KR7277640009
277650,TIGER 코스피중형주,국내,주식,0.2400,0.3200,0.3620,K55301BV2954,KR7277650008
277630,TIGER 코스피,국내,주식,0.1200,0.1700,0.1790,K55301BV2921,KR7277630000
376410,TIGER 탄소효율그린뉴딜,국내,주식,0.0900,0.1500,0.1902,K55301DE5626,KR7376410007
447770,TIGER 테슬라채권혼합Fn,국내&해외,혼합자산,0.2500,0.3400,0.3919,K55301DY0649,KR7447770009
438330,TIGER 투자등급회사채액티브,국내,채권,0.1000,0.1200,0.1391,K55301DW0609,KR7438330003
387280,TIGER 퓨처모빌리티액티브,국내,주식,0.7700,0.8300,1.3805,K55301DH5144,KR7387280001
449690,TIGER 한중반도체(합성),국내&해외,주식,0.3500,0.4000,0.4000,K55301DZ0994,KR7449690007
449680,TIGER 한중전기차(합성),국내&해외,주식,0.3500,0.4000,0.4000,K55301DZ1141,KR7449680008
143860,TIGER 헬스케어,국내,주식,0.4000,0.4200,0.4573,KR5225A46670,KR7143860005
138540,TIGER 현대차그룹+펀더멘털,국내,주식,0.1500,0.2000,0.2378,KR5225A04034,KR7138540000
228790,TIGER 화장품,국내,주식,0.5000,0.5500,0.6531,K55301B73766,KR7228790002
394670,TIGER 글로벌리튬&2차전지SOLACTIVE(합성),해외,주식,0.4900,0.5600,0.5850,K55301DJ6520,KR7394670004
394660,TIGER 글로벌자율주행&전기차SOLACTIVE,해외,주식,0.4900,0.5600,0.5967,K55301DJ6538,KR7394660005
276000,TIGER 글로벌자원생산기업(합성 H),해외,주식,0.4000,0.4900,0.4962,K55301BS2827,KR7276000007
449170,TIGER KOFR금리액티브(합성),국내,기타,0.0300,0.0400,0.0411,K55301DY1209,KR7449170000
458750,TIGER 미국배당다우존스타겟커버드콜1호,해외,주식,0.3900,0.5200,0.6411,K55301E27642,KR7458750007
471780,TIGER 코리아테크액티브,국내,주식,0.7700,0.7900,0.9376,K55301E68232,KR7471780007
139260,TIGER 200 IT,국내,주식,0.4000,0.4300,0.4712,KR5225A18067,KR7139260004
139220,TIGER 200 건설,국내,주식,0.4000,0.4400,0.4836,KR5225A18018,KR7139220008
139290,TIGER 200 경기소비재,국내,주식,0.4000,0.4400,0.4786,KR5225A18026,KR7139290001
139270,TIGER 200 금융,국내,주식,0.4000,0.4400,0.4489,KR5225A18034,KR7139270003
139250,TIGER 200 에너지화학,국내,주식,0.3400,0.4400,0.4645,KR5225A18042,KR7139250005
139230,TIGER 200 중공업,국내,주식,0.3400,0.4400,0.4697,KR5225A18083,KR7139230007
139240,TIGER 200 철강소재,국내,주식,0.3400,0.4400,0.5122,KR5225A18091,KR7139240006
289480,TIGER 200커버드콜,국내,주식,0.3800,0.4100,0.5017,K55301C25806,KR7289480006
228820,TIGER KTOP30,국내,주식,0.2100,0.2900,0.2952,K55301B73618,KR7228820007
225060,TIGER 이머징마켓MSCI레버리지(합성 H),해외,주식,0.5800,0.6500,0.6708,K55301B52703,KR7225060003
182480,TIGER 미국MSCI리츠(합성 H),해외,부동산,0.2400,0.3600,0.3922,KR5301AJ8059,KR7182480004
225040,TIGER 미국S&P500레버리지(합성 H),해외,주식,0.2700,0.3200,0.3398,K55301B52687,KR7225040005
225030,TIGER 미국S&P500선물인버스(H),해외,주식,0.5900,0.6700,0.7151,K55301B52679,KR7225030006
451530,TIGER 국고채30년스트립액티브,국내,채권,0.1500,0.1800,0.1850,K55301DZ7882,KR7451530000
491010,TIGER 글로벌AI전력인프라액티브,해외,주식,0.4900,0.5600,0.7517,K55301EE3190,KR7491010005
203780,TIGER 미국나스닥바이오,해외,주식,0.3000,0.6600,0.7684,KR5301AT7943,KR7203780002
182490,TIGER 단기선진하이일드(합성 H),해외,채권,0.2400,0.2900,0.2972,KR5301AK4675,KR7182490003
174350,TIGER 로우볼,국내,주식,0.4000,0.4600,0.5540,KR5301AH8119,KR7174350009
476550,TIGER 미국30년국채커버드콜액티브(H),해외,채권,0.3900,0.4700,0.9026,K55301E88107,KR7476550009
482730,TIGER 미국S&P500타겟데일리커버드콜,해외,주식,0.2500,0.3700,0.5601,K55301EB0231,KR7482730009
486290,TIGER 미국나스닥100타겟데일리커버드콜,해외,주식,0.2500,0.3300,0.4786,K55301EB5578,KR7486290000
474220,TIGER 미국테크TOP10타겟커버드콜,해외,주식,0.5000,0.6200,0.8052,K55301E79429,KR7474220001
211560,TIGER 배당성장,국내,주식,0.1150,0.1800,0.2495,KR5301AX7368,KR7211560008
472150,TIGER 배당커버드콜액티브,국내,주식,0.5000,0.5100,0.5474,K55301DY9046,KR7472150002
217770,TIGER 원유선물인버스(H),해외,원자재,0.6900,0.7600,0.9621,K55301B17565,KR7217770007
225050,TIGER 유로스탁스레버리지(합성 H),해외,주식,0.5800,0.6500,0.6900,K55301B52695,KR7225050004
195930,TIGER 유로스탁스50(합성 H),해외,주식,0.2400,0.3200,0.3424,KR5301AR6038,KR7195930003
195920,TIGER 일본TOPIX(합성 H),해외,주식,0.2400,0.2900,0.2956,KR5301AR6046,KR7195920004
451540,TIGER 종합채권(AA-이상)액티브,국내,채권,0.0300,0.0500,0.0632,K55301DZ7460,KR7451540009
217780,TIGER 차이나CSI300인버스(합성),해외,주식,0.5800,0.6700,0.7634,K55301B17573,KR7217780006
192090,TIGER 차이나CSI300,해외,주식,0.6300,0.9000,1.0421,KR5301AL9756,KR7192090009
210780,TIGER 코스피고배당,국내,주식,0.2400,0.3200,0.3824,KR5301AX7376,KR7210780003
423920,TIGER 미국필라델피아반도체레버리지(합성),해외,주식,0.5800,0.6700,0.8031,K55301DS3146,KR7423920008
448570,FOCUS AI코리아액티브,국내,주식,0.4550,0.4900,0.5588,K55104DY6843,KR7448570002
285690,FOCUS ESG리더스,국내,주식,0.1000,0.2400,0.2608,K55104C03165,KR7285690004
292730,FOCUS KRX300,국내,주식,0.1000,0.1800,0.1894,K55104C48079,KR7292730009
278530,KODEX 200TR,국내,주식,0.0500,0.0800,0.1168,K55105BW3843,KR7278530001
226980,KODEX 200 중소형,국내,주식,0.3000,0.3400,0.3966,K55105B66492,KR7226980001
337160,KODEX 200ESG,국내,주식,0.0900,0.1300,0.2119,K55105CX1894,KR7337160006
363580,KODEX 200IT TR,국내,주식,0.1500,0.1800,0.2192,K55105D67108,KR7363580002
337150,KODEX 200exTOP,국내,주식,0.3000,0.3300,0.3424,K55105CX0532,KR7337150007
223190,KODEX 200가치저변동,국내,주식,0.3000,0.3500,0.4030,K55105B39242,KR7223190000
252650,KODEX 200동일가중,국내,주식,0.2500,0.2900,0.3126,K55105BG6549,KR7252650007
360140,KODEX 200롱코스닥150숏선물,국내,주식,0.6400,0.6700,0.8657,K55105D60632,KR7360140008
252670,KODEX 200선물인버스2X,국내,주식,0.6400,0.6600,1.0017,K55105BG8438,KR7252670005
494890,KODEX 200액티브,국내,주식,0.1500,0.1600,0.1619,K55105EE6431,KR7494890007
498400,KODEX 200타겟위클리커버드콜,국내,주식,0.3900,0.4000,0.4136,K55105EG3659,KR7498400001
476810,KODEX 25-11 은행채(AA-이상)PLUS액티브,국내,채권,0.0900,0.1100,0.1249,K55105E86478,KR7476810007
467940,KODEX 25-11 회사채(A+이상)액티브,국내,채권,0.0900,0.1000,0.1000,K55105E51431,KR7467940003
491080,KODEX 25-12 은행채(AAA)액티브,국내,채권,0.0500,0.0600,0.0602,K55105ED4882,KR7491080008
473290,KODEX 26-12 회사채(AA-이상)액티브,국내,채권,0.0900,0.1000,0.1000,K55105E71496,KR7473290005
0007F0,KODEX 27-12 회사채(AA-이상)액티브,국내,채권,0.0900,0.0900,0.0900,K55105EG9086,KR70007F0000
462330,KODEX 2차전지산업레버리지,국내,주식,0.4900,0.6000,1.2027,K55105E32308,KR7462330002
305720,KODEX 2차전지산업,국내,주식,0.4500,0.5500,0.6182,K55105CD4207,KR7305720005
461950,KODEX 2차전지핵심소재10,국내,주식,0.3900,0.4900,0.5331,K55105E32290,KR7461950008
457690,KODEX 33-06 국고채액티브,국내,채권,0.1500,0.1700,0.1700,K55105E17036,KR7457690006
271060,KODEX 3대농산물선물(H),해외,원자재,0.5500,0.6000,0.8299,K55105BP4386,KR7271060006
457700,KODEX 53-09 국고채액티브,국내,채권,0.1500,0.1600,0.1600,K55105E17044,KR7457700003
471990,KODEX AI반도체핵심장비,국내,주식,0.3900,0.4400,0.5659,K55105E71488,KR7471990002
487240,KODEX AI전력핵심설비,국내,주식,0.3900,0.4300,0.4723,K55105EC1749,KR7487240004
481050,KODEX CD1년금리플러스액티브(합성),국내,기타,0.0500,0.0600,0.0607,K55105E94878,KR7481050003
459580,KODEX CD금리액티브(합성),국내,기타,0.0200,0.0300,0.0412,K55105E24776,KR7459580007
439860,KODEX ESG종합채권(A-이상)액티브,국내,채권,0.0700,0.0900,0.1018,K55105DR2899,KR7439860008
266370,KODEX IT,국내,주식,0.4500,0.4600,0.5007,K55105BM5634,KR7266370006
368680,KODEX K-뉴딜디지털플러스,국내,주식,0.0900,0.1500,0.2129,K55105DB2905,KR7368680005
445290,KODEX K-로봇액티브,국내,주식,0.5000,0.5700,0.5952,K55105DW7453,KR7445290000
401470,KODEX K-메타버스액티브,국내,주식,0.5000,0.5600,0.6517,K55105DM5970,KR7401470000
385520,KODEX K-미래차액티브,국내,주식,0.5000,0.5600,0.5846,K55105DH2784,KR7385520002
385510,KODEX K-신재생에너지액티브,국내,주식,0.5000,0.5600,0.6553,K55105DH2776,KR7385510003
373490,KODEX K-이노베이션액티브,국내,주식,0.5000,0.5600,0.6771,K55105DC4892,KR7373490002
445150,KODEX K-친환경조선해운액티브,국내,주식,0.5000,0.5600,0.5984,K55105DW7461,KR7445150006
423160,KODEX KOFR금리액티브(합성),국내,기타,0.0500,0.0600,0.0626,K55105DR9373,KR7423160001
306950,KODEX KRX300레버리지,국내,주식,0.6400,0.6700,0.7910,K55105CE6045,KR7306950007
292190,KODEX KRX300,국내,주식,0.0500,0.0800,0.0966,K55105C52102,KR7292190006
229720,KODEX KTOP30,국내,주식,0.2500,0.2900,0.2969,K55105B76798,KR7229720008
289040,KODEX MSCI KOREA ESG유니버설,국내,주식,0.3000,0.3500,0.3933,K55105BZ5845,KR7289040008
156080,KODEX MSCI Korea,국내,주식,0.0900,0.1300,0.1411,KR5105AA2075,KR7156080004
278540,KODEX MSCI Korea TR,국내,주식,0.0900,0.1200,0.1332,K55105BW1235,KR7278540000
275280,KODEX MSCI모멘텀,국내,주식,0.3000,0.3500,0.4753,K55105BQ9400,KR7275280006
275290,KODEX MSCI밸류,국내,주식,0.3000,0.3500,0.4094,K55105BQ9434,KR7275290005
275300,KODEX MSCI퀄리티,국내,주식,0.3000,0.3500,0.4455,K55105BQ9418,KR7275300002
269420,KODEX S&P글로벌인프라(합성),해외,주식,0.2600,0.3300,0.3431,K55105BN5708,KR7269420006
291890,KODEX MSCI EM선물(H),해외,주식,0.4500,0.6700,0.7944,K55105C52086,KR7291890002
433970,KODEX TDF2030액티브,국내&해외,혼합자산,0.2000,0.2700,0.3357,K55105DT5353,KR7433970001
433980,KODEX TDF2040액티브,국내&해외,혼합자산,0.2500,0.3200,0.3999,K55105DT5361,KR7433980000
434060,KODEX TDF2050액티브,국내&해외,혼합자산,0.3000,0.3700,0.4573,K55105DT5379,KR7434060000
329650,KODEX TRF3070,국내&해외,혼합자산,0.2400,0.3000,0.3018,K55105CS1271,KR7329650006
329660,KODEX TRF5050,국내&해외,혼합자산,0.1700,0.2300,0.2539,K55105CS1263,KR7329660005
329670,KODEX TRF7030,국내&해외,혼합자산,0.1000,0.1600,0.2270,K55105CS1255,KR7329670004
395170,KODEX Top10동일가중,국내,주식,0.1500,0.2100,0.2762,K55105DK2011,KR7395170004
315930,KODEX Top5PlusTR,국내,주식,0.1500,0.1900,0.2150,K55105CG9781,KR7315930008
271050,KODEX WTI원유선물인버스(H),해외,원자재,0.3500,0.4100,0.6641,K55105BP4345,KR7271050007
261220,KODEX WTI원유선물(H),해외,원자재,0.3500,0.4000,0.6402,K55105BJ8567,KR7261220008
468380,KODEX iShares미국하이일드액티브,해외,채권,0.1500,0.1700,0.2727,K55105E57081,KR7468380001
300950,KODEX 게임산업,국내,주식,0.4500,0.5100,0.5590,K55105CB0603,KR7300950003
266390,KODEX 경기소비재,국내,주식,0.4500,0.4700,0.4864,K55105BM5592,KR7266390004
279530,KODEX 고배당,국내,주식,0.3000,0.3600,0.5091,K55105BW6366,KR7279530000
280940,KODEX 골드선물인버스(H),해외,원자재,0.4500,0.5200,0.6304,K55105BY2041,KR7280940008
132030,KODEX 골드선물(H),해외,원자재,0.6800,0.7300,0.7993,KR5105705846,KR7132030008
138910,KODEX 구리선물(H),해외,원자재,0.6800,0.7400,0.8695,KR5105A08898,KR7138910005
471230,KODEX 국고채10년액티브,국내,채권,0.0150,0.0300,0.0381,K55105E67924,KR7471230003
439870,KODEX 국고채30년액티브,국내,채권,0.0500,0.0700,0.0869,K55105DV4568,KR7439870007
292770,KODEX 국채선물3년인버스,국내,채권,0.0700,0.0900,0.1210,K55105C60402,KR7292770005
276990,KODEX 글로벌로봇(합성),국내&해외,주식,0.3000,0.5200,0.5210,K55105BT6494,KR7276990009
476070,KODEX 글로벌비만치료제TOP2 Plus,해외,주식,0.4500,0.5400,0.7998,K55105E79341,KR7476070008
498410,KODEX 금융고배당TOP10타겟위클리커버드콜,국내,주식,0.3900,0.4000,0.4064,K55105EF7263,KR7498410000
102960,KODEX 기계장비,국내,주식,0.4500,0.4800,0.5188,KR5105837854,KR7102960002
404260,KODEX 기후변화솔루션,국내,주식,0.0900,0.1400,0.2268,K55105DN4469,KR7404260002
273140,KODEX 단기변동금리부채권액티브,국내,채권,0.1500,0.1700,0.1702,K55105BR3113,KR7273140004
487950,KODEX 대만테크고배당다우존스,해외,주식,0.4500,0.5600,0.7441,K55105EB3910,KR7487950008
488770,KODEX 머니마켓액티브,국내,채권,0.0500,0.0600,0.0618,K55105EC8033,KR7488770009
337120,KODEX 멀티팩터,국내,주식,0.3000,0.3600,0.4077,K55105CX0524,KR7337120000
244620,KODEX 모멘텀Plus,국내,주식,0.3000,0.3500,0.5234,K55105BD0552,KR7244620001
308620,KODEX 미국10년국채선물,해외,채권,0.0900,0.1500,0.1860,K55105CF2639,KR7308620004
484790,KODEX 미국30년국채액티브(H),해외,채권,0.0150,0.0500,0.1210,K55105EB5592,KR7484790001
304670,KODEX 미국30년국채울트라선물인버스(H),해외,채권,0.3000,0.3600,0.4665,K55105CD0213,KR7304670003
304660,KODEX 미국30년국채울트라선물(H),해외,채권,0.3000,0.3500,0.4217,K55105CD0072,KR7304660004
481060,KODEX 미국30년국채타겟커버드콜(합성 H),해외,채권,0.2500,0.3100,0.3100,K55105EA0792,KR7481060002
487230,KODEX 미국AI전력핵심인프라,해외,주식,0.4500,0.5000,0.7862,K55105EC0527,KR7487230005
485540,KODEX 미국AI테크TOP10,해외,주식,0.3000,0.3500,0.5580,K55105EB3902,KR7485540009
483280,KODEX 미국AI테크TOP10타겟커버드콜,해외,주식,0.3900,0.4600,0.5981,K55105EA9041,KR7483280004
428560,KODEX 미국ETF산업Top10 Indxx,해외,주식,0.5000,0.5700,0.6070,K55105DS5107,KR7428560007
379800,KODEX 미국S&P500,해외,주식,0.0090,0.0900,0.2293,K55105DF7322,KR7379800006
453660,KODEX 미국S&P500경기소비재,해외,주식,0.2500,0.3500,0.3856,K55105DZ6528,KR7453660003
453650,KODEX 미국S&P500금융,해외,주식,0.2500,0.4400,0.8183,K55105DZ6536,KR7453650004
0005A0,KODEX 미국S&P500데일리커버드콜OTM,해외,주식,0.2500,0.2600,0.3404,K55105EG1950,KR70005A0007
276970,KODEX 미국S&P500배당귀족커버드콜(합성 H),해외,주식,0.3000,0.3700,0.3700,K55105BT6551,KR7276970001
200030,KODEX 미국S&P500산업재(합성),해외,주식,0.2500,0.3400,0.3703,KR5105AS6399,KR7200030005
218420,KODEX 미국S&P500에너지(합성),해외,주식,0.2500,0.3400,0.3567,K55105B19418,KR7218420008
463640,KODEX 미국S&P500유틸리티,해외,주식,0.2500,0.3600,0.5504,K55105E38388,KR7463640003
449180,KODEX 미국S&P500(H),해외,주식,0.0090,0.1500,0.2634,K55105DY7584,KR7449180009
463690,KODEX 미국S&P500커뮤니케이션,해외,주식,0.2500,0.3500,0.4047,K55105E38404,KR7463690008
463680,KODEX 미국S&P500테크놀로지,해외,주식,0.2500,0.3700,0.4629,K55105E38396,KR7463680009
453630,KODEX 미국S&P500필수소비재,해외,주식,0.2500,0.3400,0.3807,K55105DZ2634,KR7453630006
453640,KODEX 미국S&P500헬스케어,해외,주식,0.2500,0.3800,0.4830,K55105DZ2626,KR7453640005
379810,KODEX 미국나스닥100,해외,주식,0.0090,0.1100,0.1882,K55105DF7272,KR7379810005
494300,KODEX 미국나스닥100데일리커버드콜OTM,해외,주식,0.2500,0.2900,0.3936,K55105EE2919,KR7494300007
409820,KODEX 미국나스닥100레버리지(합성 H),해외,주식,0.3000,0.3900,0.4446,K55105DO3122,KR7409820008
409810,KODEX 미국나스닥100선물인버스(H),해외,주식,0.3000,0.4000,0.4742,K55105DO3262,KR7409810009
304940,KODEX 미국나스닥100선물(H),해외,주식,0.0500,0.1300,0.1968,K55105CC4992,KR7304940000
449190,KODEX 미국나스닥100(H),해외,주식,0.0090,0.1300,0.2501,K55105DY7576,KR7449190008
455030,KODEX 미국달러SOFR금리액티브(합성),해외,기타,0.1500,0.1800,0.1832,K55105E10130,KR7455030007
261250,KODEX 미국달러선물레버리지,국내,통화,0.4500,0.4800,0.6629,K55105BJ8591,KR7261250005
261260,KODEX 미국달러선물인버스2X,국내,통화,0.4500,0.4800,0.7197,K55105BJ8617,KR7261260004
261270,KODEX 미국달러선물인버스,국내,통화,0.4500,0.4800,0.6024,K55105BJ8609,KR7261270003
261240,KODEX 미국달러선물,국내,통화,0.2500,0.2800,0.3975,K55105BJ8583,KR7261240006
280930,KODEX 미국러셀2000(H),해외,주식,0.4500,0.5400,0.6922,K55105BX6175,KR7280930009
411420,KODEX 미국메타버스나스닥액티브,해외,주식,0.5000,0.6000,1.0700,K55105DO3916,KR7411420003
390390,KODEX 미국반도체,해외,주식,0.0900,0.1700,0.3134,K55105DJ0265,KR7390390003
489250,KODEX 미국배당다우존스,해외,주식,0.0090,0.0500,0.1411,K55105EC8025,KR7489250001
483290,KODEX 미국배당다우존스타겟커버드콜,해외,주식,0.3900,0.4800,0.5882,K55105EA8589,KR7483290003
441640,KODEX 미국배당커버드콜액티브,해외,주식,0.1900,0.2800,0.4419,K55105DW2744,KR7441640000
352560,KODEX 미국부동산리츠(H),해외,부동산,0.0900,0.2500,0.3332,K55105D15560,KR7352560007
314250,KODEX 미국빅테크10(H),해외,주식,0.4500,0.5700,0.7186,K55105CG9971,KR7314250002
473460,KODEX 미국서학개미,해외,주식,0.2500,0.4000,1.0157,K55105E67171,KR7473460004
390400,KODEX 미국스마트모빌리티S&P,해외,주식,0.0900,0.2600,0.3293,K55105DJ2279,KR7390400000
437080,KODEX 미국종합채권ESG액티브(H),해외,채권,0.1800,0.2400,0.2400,K55105DR4788,KR7437080005
419420,KODEX 미국클린에너지나스닥,해외,주식,0.4500,0.6500,0.7183,K55105DK9826,KR7419420005
491090,KODEX 미국테크1조달러기업포커스,해외,주식,0.3000,0.3300,0.4562,K55105EE0194,KR7491090007
266360,KODEX 미디어&엔터테인먼트,국내,주식,0.4500,0.4700,0.4912,K55105BM5626,KR7266360007
244580,KODEX 바이오,국내,주식,0.4500,0.4900,0.6671,K55105BC9695,KR7244580007
091160,KODEX 반도체,국내,주식,0.4500,0.4600,0.4937,KR5105578185,KR7091160002
494310,KODEX 반도체레버리지,국내,주식,0.4900,0.5000,0.7309,K55105EE8742,KR7494310006
325020,KODEX 배당가치,국내,주식,0.3000,0.3600,0.4324,K55105CP4617,KR7325020006
211900,KODEX 배당성장,국내,주식,0.1500,0.1800,0.2311,KR5105AX7259,KR7211900006
237370,KODEX 배당성장채권혼합,국내,혼합자산,0.1900,0.2300,0.2548,K55105B99147,KR7237370002
244670,KODEX 밸류Plus,국내,주식,0.3000,0.3500,0.4513,K55105BD0586,KR7244670006
102780,KODEX 삼성그룹,국내,주식,0.2500,0.2900,0.3059,KR5105834570,KR7102780004
448330,KODEX 삼성전자채권혼합,국내,혼합자산,0.0700,0.1400,0.1524,K55105DX9797,KR7448330001
251350,KODEX 선진국MSCI World,해외,주식,0.3000,0.3600,0.3647,K55105BF7266,KR7251350005
325010,KODEX 성장주,국내,주식,0.3000,0.3600,0.4216,K55105CP4609,KR7325010007
395160,KODEX 시스템반도체,국내,주식,0.4500,0.5100,0.5709,K55105DI5372,KR7395160005
446690,KODEX 아시아AI반도체exChina액티브,해외,주식,0.5000,0.7000,1.0604,K55105DX9912,KR7446690000
437070,KODEX 아시아달러채권ESG플러스액티브,해외,채권,0.1800,0.2300,0.2481,K55105DR4770,KR7437070006
395150,KODEX 웹툰&드라마,국내,주식,0.4500,0.5100,0.5711,K55105DI5380,KR7395150006
456250,KODEX 유럽명품TOP10 STOXX,해외,주식,0.4500,0.5500,0.6421,K55105E16996,KR7456250000
400570,KODEX 유럽탄소배출권선물ICE(H),해외,기타,0.6400,0.7100,0.8091,K55105DL9742,KR7400570008
144600,KODEX 은선물(H),해외,원자재,0.6800,0.7300,0.8204,KR5105A43069,KR7144600004
091170,KODEX 은행,국내,주식,0.3000,0.3200,0.3424,KR5105578193,KR7091170001
453820,KODEX 인도Nifty50레버리지(합성),해외,주식,0.3900,0.4500,0.4576,K55105E00685,KR7453820003
453810,KODEX 인도Nifty50,해외,주식,0.1900,0.2800,0.4132,K55105E00263,KR7453810004
477730,KODEX 인도타타그룹,해외,주식,0.4500,0.5300,0.8285,K55105E89613,KR7477730006
352540,KODEX 일본부동산리츠(H),해외,부동산,0.3000,0.4200,0.4989,K55105D15578,KR7352540009
091180,KODEX 자동차,국내,주식,0.4500,0.4600,0.4931,KR5105578177,KR7091180000
363570,KODEX 장기종합채권(AA-이상)액티브,국내,채권,0.0450,0.0600,0.0694,K55105D79160,KR7363570003
273130,KODEX 종합채권(AA-이상)액티브,국내,채권,0.0450,0.0600,0.0731,K55105BR0838,KR7273130005
102970,KODEX 증권,국내,주식,0.4500,0.4700,0.4968,KR5105837847,KR7102970001
419430,KODEX 차이나2차전지MSCI(합성),해외,주식,0.2500,0.3200,0.3200,K55105DQ0258,KR7419430004
283580,KODEX 차이나CSI300,해외,주식,0.1200,0.2200,0.2683,K55105BZ2610,KR7283580009
169950,KODEX 차이나A50,해외,주식,0.1200,0.3200,0.4505,KR5105AE5728,KR7169950003
204450,KODEX 차이나H레버리지(H),해외,주식,0.6400,0.7700,1.2379,KR5105AV0181,KR7204450001
099140,KODEX 차이나H,해외,주식,0.1200,0.2600,0.4287,KR5105745933,KR7099140006
415340,KODEX 차이나과창판STAR50(합성),해외,주식,0.0900,0.1500,0.1500,K55105DF0137,KR7415340009
428510,KODEX 차이나메타버스액티브,해외,주식,0.5000,0.6700,0.8061,K55105DS5081,KR7428510002
256750,KODEX 차이나심천ChiNext(합성),해외,주식,0.4700,0.5400,0.5427,K55105BI6737,KR7256750001
372330,KODEX 차이나항셍테크,해외,주식,0.1200,0.2200,0.4167,K55105DB9181,KR7372330001
279540,KODEX 최소변동성,국내,주식,0.3000,0.3500,0.3895,K55105BW6671,KR7279540009
495850,KODEX 코리아밸류업,국내,주식,0.0080,0.0100,0.0530,K55105EF9186,KR7495850000
229200,KODEX 코스닥150,국내,주식,0.2500,0.2800,0.3180,K55105B74603,KR7229200001
233740,KODEX 코스닥150레버리지,국내,주식,0.6400,0.6700,1.1885,K55105B91912,KR7233740000
360150,KODEX 코스닥150롱코스피200숏선물,국내,주식,0.6400,0.6800,0.8847,K55105D60640,KR7360150007
251340,KODEX 코스닥150선물인버스,국내,주식,0.6400,0.6800,0.9358,K55105BF4255,KR7251340006
461450,KODEX 코스닥글로벌,국내,주식,0.0900,0.1300,0.1702,K55105E22598,KR7461450009
359210,KODEX 코스피TR,국내,주식,0.0700,0.1000,0.1136,K55105D41822,KR7359210002
337140,KODEX 코스피대형주,국내,주식,0.1500,0.1700,0.1852,K55105CX1886,KR7337140008
138920,KODEX 콩선물(H),해외,원자재,0.6800,0.7400,0.9082,KR5105A08930,KR7138920004
244660,KODEX 퀄리티Plus,국내,주식,0.3000,0.3500,0.4401,K55105BD0578,KR7244660007
375770,KODEX 탄소효율그린뉴딜,국내,주식,0.0900,0.1400,0.1798,K55105DD7480,KR7375770005
459560,KODEX 테슬라밸류체인FactSet,해외,주식,0.1800,0.3400,0.5819,K55105E22382,KR7459560009
475080,KODEX 테슬라커버드콜채권혼합액티브,국내&해외,혼합자산,0.3900,0.4800,0.7018,K55105E76727,KR7475080008
266410,KODEX 필수소비재,국내,주식,0.4500,0.4700,0.4933,K55105BM5600,KR7266410000
298770,KODEX 한국대만IT프리미어,국내&해외,주식,0.5500,0.7400,1.1759,K55105C75384,KR7298770009
476800,KODEX 한국부동산리츠인프라,국내,부동산,0.0900,0.1200,0.1703,K55105E84051,KR7476800008
450190,KODEX 한중반도체(합성),국내&해외,주식,0.2500,0.3000,0.3000,K55105DY8616,KR7450190004
450180,KODEX 한중전기차(합성),국내&해외,주식,0.2500,0.3100,0.3100,K55105DY8624,KR7450180005
266420,KODEX 헬스케어,국내,주식,0.0900,0.1000,0.1392,K55105BM4843,KR7266420009
364690,KODEX 혁신기술테마액티브,국내,주식,0.3000,0.3200,0.3392,K55105D92619,KR7364690008
069500,KODEX 200,국내,주식,0.1500,0.1600,0.1931,KR5105352888,KR7069500007
284430,KODEX 200미국채혼합,국내&해외,혼합자산,0.3500,0.4000,0.4354,K55105BZ3766,KR7284430006
321410,KODEX 멀티에셋하이인컴(H),해외,혼합자산,0.2500,0.4300,0.6894,K55105CK0701,KR7321410003
219480,KODEX 미국S&P500선물(H),해외,주식,0.0500,0.1000,0.1714,K55105B29847,KR7219480001
468370,KODEX iShares미국인플레이션국채액티브,해외,채권,0.1000,0.1200,0.1264,K55105E57099,KR7468370002
468630,KODEX iShares미국투자등급회사채액티브,해외,채권,0.1000,0.1500,0.1710,K55105E57073,KR7468630009
176950,KODEX 국채선물10년인버스,국내,채권,0.0700,0.0900,0.1110,KR5105AI5534,KR7176950004
152380,KODEX 국채선물10년,국내,채권,0.0700,0.0900,0.1213,KR5105A81382,KR7152380002
117700,KODEX 건설,국내,주식,0.4500,0.4700,0.5048,KR5105171502,KR7117700005
214980,KODEX 단기채권PLUS,국내,채권,0.1500,0.1700,0.1703,K55105B00244,KR7214980005
153130,KODEX 단기채권,국내,채권,0.1500,0.1700,0.1735,KR5105A84337,KR7153130000
122630,KODEX 레버리지,국내,주식,0.6400,0.6500,1.1054,KR5105191153,KR7122630007
140700,KODEX 보험,국내,주식,0.4500,0.4600,0.4735,KR5105A23640,KR7140700006
213610,KODEX 삼성그룹밸류,국내,주식,0.0900,0.1200,0.1295,KR5105AY4057,KR7213610009
117460,KODEX 에너지화학,국내,주식,0.4500,0.4700,0.5139,KR5105166692,KR7117460006
140710,KODEX 운송,국내,주식,0.4500,0.4700,0.4979,KR5105A23632,KR7140710005
114800,KODEX 인버스,국내,주식,0.6400,0.6600,0.8037,KR5105152130,KR7114800006
117680,KODEX 철강,국내,주식,0.4500,0.4700,0.5717,KR5105171510,KR7117680009
487130,KoAct AI인프라액티브,국내,주식,0.5000,0.5400,1.1063,K553N9EC3266,KR7487130007
471040,KoAct 글로벌AI&로봇액티브,국내&해외,주식,0.5000,0.6200,2.1756,K553N9E63887,KR7471040006
475070,KoAct 글로벌기후테크인프라액티브,국내&해외,주식,0.5000,0.5900,1.0678,K553N9E74926,KR7475070009
490330,KoAct 미국뇌질환치료제액티브,해외,주식,0.5000,0.5500,0.8922,K553N9ED6821,KR7490330008
497780,KoAct 미국천연가스인프라액티브,해외,주식,0.5000,0.5300,0.7740,K553N9EF5557,KR7497780007
462900,KoAct 바이오헬스케어액티브,국내,주식,0.5000,0.5700,0.7850,K553N9E27494,KR7462900002
476850,KoAct 배당성장액티브,국내,주식,0.5000,0.5200,1.1178,K553N9E80501,KR7476850003
495230,KoAct 코리아밸류업액티브,국내,주식,0.5000,0.5000,0.6064,K553N9EF9468,KR7495230005
482030,KoAct 테크핵심소재공급망액티브,국내,주식,0.5000,0.5600,1.1713,K553N9E96812,KR7482030004
411540,SOL 200 Top10,국내,주식,0.1500,0.2100,0.2357,K55210DP5615,KR7411540008
295040,SOL 200TR,국내,주식,0.0500,0.0800,0.0920,K55210C54247,KR7295040000
462540,SOL 25-09 회사채(AA-이상)액티브,국내,채권,0.0500,0.0700,0.0824,K55210E42693,KR7462540006
488980,SOL 26-12 회사채(AA-이상)액티브,국내,채권,0.0500,0.0600,0.0661,K55210EC9603,KR7488980004
455860,SOL 2차전지소부장Fn,국내,주식,0.4500,0.5100,0.5236,K55210E15681,KR7455860007
455850,SOL AI반도체소부장,국내,주식,0.4500,0.5100,0.5432,K55210E09965,KR7455850008
497880,SOL CD금리&머니마켓액티브,국내,채권,0.0500,0.0600,0.0602,K55210EF7273,KR7497880005
444200,SOL KEDI메가테크액티브,국내,주식,0.5500,0.6400,0.7080,K55210DX6936,KR7444200000
363510,SOL KIS단기통안채,국내,채권,0.0700,0.1000,0.1051,K55210D56182,KR7363510009
292500,SOL KRX300,국내,주식,0.0500,0.1100,0.1140,K55210C43489,KR7292500006
404650,SOL KRX기후변화솔루션,국내,주식,0.1500,0.3300,0.3868,K55210DO1706,KR7404650004
490480,SOL K방산,국내,주식,0.4500,0.4800,0.4900,K55210EE0741,KR7490480001
438570,SOL 국고채10년,국내,채권,0.0500,0.0700,0.0723,K55210DW6804,KR7438570004
474390,SOL 국고채30년액티브,국내,채권,0.0500,0.0900,0.0900,K55210E79489,KR7474390002
438560,SOL 국고채3년,국내,채권,0.0500,0.0700,0.0742,K55210DW6796,KR7438560005
484880,SOL 금융지주플러스고배당,국내,주식,0.3000,0.3400,0.3491,K55210EB4720,KR7484880000
484890,SOL 머니마켓액티브,국내,채권,0.0500,0.0600,0.0611,K55210EB3979,KR7484890009
461600,SOL 미국30년국채액티브(H),해외,채권,0.0500,0.1000,0.1132,K55210E40440,KR7461600009
473330,SOL 미국30년국채커버드콜(합성),해외,채권,0.2500,0.3500,0.3500,K55210E76444,KR7473330009
494210,SOL 미국500타겟커버드콜액티브,해외,주식,0.3500,0.5100,0.6312,K55210EC9637,KR7494210008
479620,SOL 미국AI반도체칩메이커,해외,주식,0.4500,0.5300,0.7144,K55210E99222,KR7479620007
481180,SOL 미국AI소프트웨어,해외,주식,0.4500,0.5400,1.0601,K55210EA9985,KR7481180008
486450,SOL 미국AI전력인프라,해외,주식,0.4500,0.5300,0.8461,K55210EC2509,KR7486450000
433330,SOL 미국S&P500,해외,주식,0.0500,0.1300,0.2283,K55210DU6020,KR7433330008
399110,SOL 미국S&P500ESG,해외,주식,0.1500,0.2000,0.3315,K55210DM8224,KR7399110006
499150,SOL 미국S&P500엔화노출(H),해외,주식,0.1500,0.4700,0.5491,K55210EF7513,KR7499150001
447620,SOL 미국TOP5채권혼합40 Solactive,국내&해외,혼합자산,0.2500,0.3400,0.3704,K55210DY4419,KR7447620006
476030,SOL 미국나스닥100,해외,주식,0.0500,0.3600,0.5796,K55210E88118,KR7476030002
493420,SOL 미국배당다우존스TR,해외,주식,0.0500,0.1300,0.3124,K55210EE8074,KR7493420004
446720,SOL 미국배당다우존스,해외,주식,0.0100,0.0800,0.1577,K55210DY2868,KR7446720005
490490,SOL 미국배당미국채혼합50,해외,혼합자산,0.1500,0.1800,0.3862,K55210EE0519,KR7490490000
481200,SOL 미국테크TOP10인버스(합성),해외,주식,0.0500,0.2000,0.2023,K55210EB0017,KR7481200004
481190,SOL 미국테크TOP10,해외,주식,0.0500,0.0900,0.2640,K55210EB0009,KR7481190007
475300,SOL 반도체전공정,국내,주식,0.4500,0.5300,0.5503,K55210E84638,KR7475300000
475310,SOL 반도체후공정,국내,주식,0.4500,0.5300,0.5780,K55210E84646,KR7475310009
400580,SOL 유럽탄소배출권선물S&P(H),해외,기타,0.5500,0.7100,0.7502,K55210DN2341,KR7400580007
464610,SOL 의료기기소부장Fn,국내,주식,0.4500,0.5400,0.5749,K55210E48559,KR7464610005
466930,SOL 자동차TOP3플러스,국내,주식,0.4500,0.5200,0.5329,K55210E57717,KR7466930005
464600,SOL 자동차소부장Fn,국내,주식,0.4500,0.5200,0.5408,K55210E48609,KR7464600006
0005D0,SOL 전고체배터리&실리콘음극재,국내,주식,0.4500,0.4600,0.4603,K55210EG4402,KR70005D0004
466920,SOL 조선TOP3플러스,국내,주식,0.4500,0.5100,0.5301,K55210E57725,KR7466920006
220130,SOL 차이나강소기업CSI500(합성 H),해외,주식,0.6000,0.6800,0.6800,K55210B21701,KR7220130009
415760,SOL 차이나육성산업액티브(합성),해외,주식,0.5500,0.7500,0.7596,K55210DQ3494,KR7415760008
413220,SOL 차이나태양광CSI(합성),해외,주식,0.5000,0.6200,0.6218,K55210DP7488,KR7413220005
469830,SOL 초단기채권액티브,국내,채권,0.0500,0.0700,0.0753,K55210E67161,KR7469830004
495550,SOL 코리아밸류업TR,국내,주식,0.0500,0.0700,0.0797,K55210EF9550,KR7495550006
450910,SOL 코스닥150,국내,주식,0.1500,0.2300,0.2489,K55210DZ4459,KR7450910005
0008T0,SOL 화장품TOP3플러스,국내,주식,0.4500,0.4500,0.4503,K55210EG9039,KR70008T0003
452360,SOL 미국배당다우존스(H),해외,주식,0.0500,0.1400,0.2491,K55210E06284,KR7452360001
436140,SOL 종합채권(AA-이상)액티브,국내,채권,0.0400,0.0500,0.0579,K55210DV5914,KR7436140008
459370,SOL 유럽탄소배출권선물인버스ICE(H),해외,기타,0.5500,0.8300,1.0312,K55210E26985,KR7459370003
462340,에셋플러스 글로벌다이나믹시니어액티브,해외,주식,0.9900,1.4700,1.6569,K55364E27897,KR7462340001
433220,에셋플러스 글로벌대장장이액티브,해외,주식,0.9900,1.3700,1.7701,K55364DP8696,KR7433220001
451150,에셋플러스 글로벌영에이지액티브,해외,주식,0.9900,1.5700,1.8125,K55364DY2573,KR7451150007
477490,에셋플러스 글로벌일등기업포커스10액티브,해외,주식,0.9900,1.1700,1.3629,K55364E79047,KR7477490007
407830,에셋플러스 글로벌플랫폼액티브,해외,주식,0.9900,1.1200,1.3068,K55364DO6345,KR7407830009
474920,에셋플러스 차이나일등기업포커스10액티브,해외,주식,0.9900,1.1600,1.3394,K55364E70822,KR7474920006
442090,에셋플러스 코리아대장장이액티브,국내,주식,0.9750,1.0700,1.7494,K55364DP6658,KR7442090007
407820,에셋플러스 코리아플랫폼액티브,국내,주식,0.9750,1.0500,1.1549,K55364DO6337,KR7407820000
448100,WON 200,국내,주식,0.0500,0.0500,0.0746,K55107DY2526,KR7448100008
468820,WON 25-09 회사채(AA-이상)액티브,국내,채권,0.0500,0.0700,0.0753,K55107E65742,KR7468820006
413930,WON AI ESG액티브,국내,주식,0.3100,0.3800,0.4027,K55107DP6908,KR7413930009
458030,WON 단기국공채액티브,국내,채권,0.0650,0.0800,0.0831,K55107E28500,KR7458030004
426150,WON 대한민국국고채액티브,국내,채권,0.0700,0.0900,0.0956,K55107DT5260,KR7426150009
444490,WON 미국S&P500,해외,주식,0.0500,0.2000,0.3147,K55107DX3483,KR7444490007
489290,WON 미국빌리어네어,해외,주식,0.4900,0.6500,0.7581,K55107ED8337,KR7489290007
440910,WON 미국우주항공방산,해외,주식,0.3500,0.5600,0.7171,K55107DW3997,KR7440910008
474590,WON 반도체밸류체인액티브,국내,주식,0.3100,0.3700,0.5019,K55107E85195,KR7474590007
496020,WON 전단채플러스액티브,국내,채권,0.0500,0.0500,0.0505,K55107EG2030,KR7496020009
488720,WON 종합채권(AA-이상)액티브,국내,채권,0.0450,0.0500,0.0607,K55107E34441,KR7488720004
480460,WON 한국부동산TOP3플러스,국내,부동산,0.2500,0.2900,0.3029,K55107EA8553,KR7480460005
108590,TREX 200,국내,주식,0.3250,0.3400,0.3568,KR5307905228,KR7108590001
145850,TREX 펀더멘탈 200,국내,주식,0.3400,0.4300,0.4472,KR5307A60883,KR7145850004
407160,KCGI 테크미디어텔레콤액티브,국내,주식,0.4450,0.6800,0.7134,K55365DO2533,KR7407160001
483570,KCGI 미국S&P500 TOP10,해외,주식,0.3600,0.4800,0.6074,K55365EB1596,KR7483570008
407170,KCGI 스마트커머스액티브,국내,주식,0.4450,0.6600,0.7066,K55365DO2525,KR7407170000
153270,KIWOOM 코스피100,국내,주식,0.1950,0.2400,0.2831,KR5391A83228,KR7153270004
167860,KIWOOM 국고채10년레버리지,국내,채권,0.3000,0.3400,0.3658,KR5206AC1297,KR7167860006
148070,KIWOOM 국고채10년,국내,채권,0.0500,0.0700,0.0791,KR5206A65050,KR7148070006
069660,KIWOOM 200,국내,주식,0.0500,0.0800,0.1073,KR5206352894,KR7069660009
294400,KIWOOM 200TR,국내,주식,0.0120,0.0500,0.0661,K55206C46472,KR7294400007
253250,KIWOOM 200선물레버리지,국내,주식,0.4600,0.5100,0.6994,K55206BG4567,KR7253250005
253230,KIWOOM 200선물인버스2X,국내,주식,0.4600,0.5300,0.8085,K55206BG4575,KR7253230007
253240,KIWOOM 200선물인버스,국내,주식,0.4600,0.5500,0.6886,K55206BG4559,KR7253240006
467620,KIWOOM 25-09 미국채권(AA-이상)액티브,해외,채권,0.2900,0.4500,0.4514,K55206E49225,KR7467620001
489870,KIWOOM 25-09 회사채(AA-이상)액티브,국내,채권,0.0500,0.0600,0.0631,K55206ED4666,KR7489870006
464240,KIWOOM 26-09회사채(AA-이상)액티브,국내,채권,0.0700,0.0900,0.0988,K55206E39770,KR7464240001
458210,KIWOOM CD금리액티브(합성),국내,기타,0.0300,0.0600,0.0608,K55206E24624,KR7458210002
460280,KIWOOM Fn유전자혁신기술,국내,주식,0.4000,0.5200,0.6069,K55206DZ3077,KR7460280001
488200,KIWOOM K-2차전지북미공급망,국내,주식,0.4900,0.6200,0.6393,K55206ED2207,KR7488200007
488210,KIWOOM K-반도체북미공급망,국내,주식,0.4900,0.6800,0.7069,K55206ED2215,KR7488210006
469790,KIWOOM K-테크TOP10,국내,주식,0.3900,0.9900,1.0206,K55206E61196,KR7469790000
100910,KIWOOM KRX100,국내,주식,0.2300,0.2700,0.2866,KR5206773776,KR7100910009
200250,KIWOOM 인도Nifty50(합성),해외,주식,0.2900,0.3700,0.3780,KR5206AS8419,KR7200250009
450120,KIWOOM SK그룹대표주,국내,주식,0.1400,0.2800,0.3127,K55206DY2203,KR7450120001
435530,KIWOOM TDF2030액티브,국내&해외,혼합자산,0.3000,0.6600,0.7663,K55206DU2520,KR7435530001
435540,KIWOOM TDF2040액티브,국내&해외,혼합자산,0.3400,0.6800,0.7927,K55206DU2538,KR7435540000
435550,KIWOOM TDF2050액티브,국내&해외,혼합자산,0.3800,0.7000,0.8258,K55206DU2546,KR7435550009
104530,KIWOOM 고배당,국내,주식,0.4000,0.4500,0.5141,KR5206853842,KR7104530001
114470,KIWOOM 국고채3년,국내,채권,0.0500,0.0800,0.0849,KR5206150033,KR7114470008
471460,KIWOOM 국고채30년액티브,국내,채권,0.0350,0.0600,0.0636,K55206E71195,KR7471460006
473490,KIWOOM 글로벌AI반도체,국내&해외,주식,0.4000,0.5200,0.7290,K55206E80451,KR7473490001
437550,KIWOOM 글로벌리츠이지스액티브,해외,부동산,0.7300,1.0900,1.2105,K55206DV3675,KR7437550007
489860,KIWOOM 글로벌전력GRID인프라,국내&해외,주식,0.4900,0.7900,0.9646,K55206ED3411,KR7489860007
473500,KIWOOM 글로벌전력반도체,국내&해외,주식,0.4000,0.8600,1.0238,K55206E80469,KR7473500007
394350,KIWOOM 글로벌퓨처모빌리티,국내&해외,주식,0.3100,0.4900,0.5229,K55206DL0418,KR7394350003
130730,KIWOOM 단기자금,국내,채권,0.0500,0.0800,0.0810,KR5206287710,KR7130730005
419890,KIWOOM 단기채권ESG액티브,국내,채권,0.1500,0.1700,0.1750,K55206DR4802,KR7419890009
411860,KIWOOM 독일DAX,해외,주식,0.2500,0.8000,0.9263,K55206DP5553,KR7411860000
429870,KIWOOM 리츠이지스액티브,국내,부동산,0.3000,0.4900,0.5078,K55206DT5229,KR7429870009
476450,KIWOOM 머니마켓액티브,국내,채권,0.0500,0.0700,0.0739,K55206E91755,KR7476450002
430500,KIWOOM 물가채KIS,국내,채권,0.1500,0.2000,0.2006,K55206DT2960,KR7430500009
426330,KIWOOM 미국ETF산업STOXX,해외,주식,0.5200,1.3500,2.5381,K55206DR7912,KR7426330007
449770,KIWOOM 미국S&P500,해외,주식,0.0210,0.1200,0.2700,K55206DZ1360,KR7449770007
449780,KIWOOM 미국S&P500(H),해외,주식,0.0400,0.3200,0.4729,K55206DZ1378,KR7449780006
453080,KIWOOM 미국나스닥100(H),해외,주식,0.0400,0.1800,0.4805,K55206E01648,KR7453080004
460270,KIWOOM 미국달러SOFR금리액티브(합성),해외,기타,0.0500,0.2000,0.2000,K55206E24574,KR7460270002
230480,KIWOOM 미국달러선물인버스2X,국내,통화,0.6400,0.7400,0.9288,K55206B83279,KR7230480006
225800,KIWOOM 미국달러선물레버리지,국내,통화,0.6400,0.7200,0.9013,K55206B56275,KR7225800002
139660,KIWOOM 미국달러선물인버스,국내,통화,0.4900,0.5300,0.6410,KR5206A16343,KR7139660005
138230,KIWOOM 미국달러선물,국내,통화,0.3700,0.4000,0.4852,KR5206994091,KR7138230008
373790,KIWOOM 미국방어배당성장나스닥,해외,주식,0.4000,1.1200,1.6100,K55206DC2985,KR7373790005
483030,KIWOOM 미국블록버스터바이오테크의약품+,해외,주식,0.4900,0.6600,0.7833,K55206EB3249,KR7483030003
459790,KIWOOM 미국성장기업30액티브,해외,주식,0.7600,0.8600,0.9447,K55206E19798,KR7459790002
498270,KIWOOM 미국양자컴퓨팅,해외,주식,0.4900,0.5200,0.6641,K55206EE9458,KR7498270008
474800,KIWOOM 미국원유에너지기업,해외,주식,0.2900,0.5300,0.8479,K55206E81673,KR7474800000
104520,KIWOOM 블루칩,국내,주식,0.4000,0.4700,0.5081,KR5206853859,KR7104520002
483020,KIWOOM 의료AI,국내,주식,0.4900,0.5600,0.6171,K55206EB5608,KR7483020004
454780,KIWOOM 종합채권(AA-이상)액티브,국내,채권,0.0250,0.0400,0.0512,K55206E15705,KR7454780008
441330,KIWOOM 차이나A50커넥트MSCI,해외,주식,0.2000,0.6100,0.7493,K55206DW5141,KR7441330008
454180,KIWOOM 차이나내수소비TOP CSI,해외,주식,0.4200,1.0800,1.2724,K55206E09914,KR7454180001
496090,KIWOOM 코리아밸류업,국내,주식,0.0090,0.0300,0.0451,K55206EF9358,KR7496090002
291630,KIWOOM 코스닥150선물레버리지,국내,주식,0.0900,0.3300,0.5562,K55206C29098,KR7291630002
291620,KIWOOM 코스닥150선물인버스,국내,주식,0.0900,0.2900,0.4383,K55206C29080,KR7291620003
316670,KIWOOM 코스닥150,국내,주식,0.1500,0.2300,0.2569,K55206CJ2971,KR7316670009
467540,KIWOOM 코스닥글로벌,국내,주식,0.0700,0.2200,0.2449,K55206E54316,KR7467540001
122260,KIWOOM 통안채1년,국내,채권,0.0500,0.0800,0.0806,KR5206184115,KR7122260003
441800,TIMEFOLIO Korea플러스배당액티브,국내,주식,0.8000,0.8500,1.1225,K553J1DW4846,KR7441800000
463050,TIMEFOLIO K바이오액티브,국내,주식,0.8000,0.8400,1.1470,K553J1E46927,KR7463050005
404120,TIMEFOLIO K신재생에너지액티브,국내,주식,0.8000,1.1200,1.5486,K553J1DO1974,KR7404120008
385710,TIMEFOLIO K이노베이션액티브,국내,주식,0.8000,0.9500,1.3764,K553J1DJ0288,KR7385710009
410870,TIMEFOLIO K컬처액티브,국내,주식,0.8000,0.9200,1.2429,K553J1DP1767,KR7410870000
456600,TIMEFOLIO 글로벌AI인공지능액티브,해외,주식,0.8000,0.8700,1.4120,K553J1E23876,KR7456600006
494180,TIMEFOLIO 글로벌소비트렌드액티브,해외,주식,0.8000,0.8700,1.0325,K553J1EF1685,KR7494180003
485810,TIMEFOLIO 글로벌안티에이징바이오액티브,해외,주식,0.8000,0.9900,1.2651,K553J1EB9138,KR7485810006
478150,TIMEFOLIO 글로벌우주테크&방산액티브,해외,주식,0.8000,0.9100,1.2174,K553J1E98415,KR7478150006
426020,TIMEFOLIO 미국S&P500액티브,해외,주식,0.8000,1.1300,1.4442,K553J1DT1904,KR7426020004
426030,TIMEFOLIO 미국나스닥100액티브,해외,주식,0.8000,0.9400,1.2415,K553J1DT1912,KR7426030003
495060,TIMEFOLIO 코리아밸류업액티브,국내,주식,0.8000,0.8300,0.9218,K553J1EF9274,KR7495060006
385720,TIMEFOLIO 코스피액티브,국내,주식,0.8000,0.8600,1.1362,K553J1DJ0270,KR7385720008
472720,TRUSTON 주주가치액티브,국내,주식,0.7850,0.8200,0.8506,K55363E76664,KR7472720002
496130,TRUSTON 코리아밸류업액티브,국내,주식,0.7850,0.8000,0.8020,K55363EF9738,KR7496130006
466400,1Q 25-08 회사채(A+이상)액티브,국내,채권,0.1000,0.1200,0.1222,K55102E58003,KR7466400009
491610,1Q CD금리액티브(합성),국내,기타,0.0200,0.0300,0.0335,K55102ED3689,KR7491610002
451060,1Q K200액티브,국내,주식,0.1800,0.2000,0.2354,K55102DZ8758,KR7451060008
463290,1Q 단기금융채액티브,국내,채권,0.0800,0.1000,0.1033,K55102E37825,KR7463290007
479080,1Q 머니마켓액티브,국내,채권,0.0500,0.0600,0.0612,K55102EA1314,KR7479080004
0004G0,1Q 미국배당30,해외,주식,0.1000,0.1000,0.1000,K55102EG6572,KR70004G0002
472350,1Q 차이나H(H),해외,주식,0.1100,0.4800,0.6637,K55102E78092,KR7472350008
495330,1Q 코리아밸류업,국내,주식,0.0200,0.0200,0.0200,K55102EF9791,KR7495330003
492500,1Q 현대차그룹채권(A+이상)&국고통안,국내,채권,0.1000,0.1000,0.1000,K55102EE8018,KR7492500004
422260,VITA MZ소비액티브,국내,주식,0.6000,0.7000,0.7892,K55236DO1987,KR7422260000
452440,VITA 밸류알파액티브,국내,주식,0.6000,0.7000,0.8045,K55236DY2686,KR7452440001
332500,ACE 200TR,국내,주식,0.0300,0.0700,0.0840,K55101CT6711,KR7332500008
105190,ACE 200,국내,주식,0.0900,0.1100,0.1310,KR5101877748,KR7105190003
461260,ACE 25-06 회사채(AA-이상)액티브,국내,채권,0.0500,0.0700,0.0843,K55101E34378,KR7461260002
461270,ACE 26-06 회사채(AA-이상)액티브,국내,채권,0.0500,0.0700,0.0791,K55101E34386,KR7461270001
475260,ACE 2월만기자동연장회사채AA-이상액티브,국내,채권,0.0500,0.0700,0.0817,K55101E80470,KR7475260006
385600,ACE 2차전지&친환경차액티브,국내,주식,0.2900,0.3600,0.4539,K55101DH7878,KR7385600002
475270,ACE 5월만기자동연장회사채AA-이상액티브,국내,채권,0.0500,0.0700,0.0803,K55101E80488,KR7475270005
475280,ACE 8월만기자동연장회사채AA-이상액티브,국내,채권,0.0500,0.0700,0.0766,K55101E80496,KR7475280004
469150,ACE AI반도체포커스,국내,주식,0.3000,0.3700,0.4049,K55101E67600,KR7469150007
487340,ACE CD금리&초단기채권액티브,국내,채권,0.0500,0.0600,0.0626,K55101EC8482,KR7487340002
385590,ACE ESG액티브,국내,주식,0.5000,0.5400,0.5596,K55101DI3603,KR7385590005
380340,ACE Fn5G플러스,국내,주식,0.3500,0.4800,0.5244,K55101DH2341,KR7380340000
356540,ACE 종합채권(AA-이상)KIS액티브,국내,채권,0.0200,0.0400,0.0529,K55101D34156,KR7356540005
475050,ACE KPOP포커스,국내,주식,0.3000,0.3900,0.4067,K55101E79688,KR7475050001
411060,ACE KRX금현물,국내,원자재,0.5000,0.6200,0.8321,K55101DN7441,KR7411060007
277540,ACE 아시아TOP50S&P,국내&해외,주식,0.7000,0.9100,0.9716,K55101BU2759,KR7277540001
225130,ACE 골드선물 레버리지(합성 H),해외,원자재,0.4900,0.7700,0.7829,K55101B44423,KR7225130004
483340,ACE 구글밸류체인액티브,해외,주식,0.4500,0.5300,0.8723,K55101EB6099,KR7483340006
114460,ACE 국고채3년,국내,채권,0.1500,0.1800,0.1805,KR5101148215,KR7114460009
365780,ACE 국고채10년,국내,채권,0.0200,0.0500,0.0553,K55101D95314,KR7365780006
494340,ACE 글로벌AI맞춤형반도체,해외,주식,0.4500,0.5300,0.6671,K55101EE6187,KR7494340003
411050,ACE 글로벌메타버스테크액티브,해외,주식,0.5000,0.6500,0.7116,K55101DP2952,KR7411050008
435040,ACE 글로벌브랜드TOP10블룸버그,해외,주식,0.5000,0.7000,0.7809,K55101DU3912,KR7435040001
497510,ACE 글로벌빅파마,해외,주식,0.3000,0.3600,0.4354,K55101EF6160,KR7497510008
460960,ACE 글로벌인컴TOP10 SOLACTIVE,해외,혼합자산,0.2400,0.4700,0.6741,K55101E30004,KR7460960008
414270,ACE 글로벌자율주행액티브,해외,주식,0.2900,0.3800,0.5393,K55101DP1319,KR7414270009
190620,ACE 단기통안채,국내,채권,0.0700,0.0900,0.0949,KR5101AN3254,KR7190620005
440640,ACE 단기채권알파액티브,국내,채권,0.1500,0.1700,0.1822,K55101DW2771,KR7440640001
494330,ACE 라이프자산주주가치액티브,국내,주식,0.5000,0.5200,0.5543,K55101EE7904,KR7494330004
265690,ACE 러시아MSCI(합성),해외,주식,0.0000,1.1600,1.1617,K55101BM2890,KR7265690008
152500,ACE 레버리지,국내,주식,0.3000,0.3300,0.5045,KR5101A62068,KR7152500005
483330,ACE 마이크로소프트밸류체인액티브,해외,주식,0.4500,0.5300,0.8206,K55101EB6081,KR7483330007
291130,ACE 멕시코MSCI(합성),해외,주식,0.5000,0.5700,0.5903,K55101C31949,KR7291130003
452250,ACE 미국30년국채선물레버리지(합성 H),해외,채권,0.2500,0.3200,0.3344,K55101DZ9039,KR7452250004
476760,ACE 미국30년국채액티브,해외,채권,0.0500,0.1200,0.1327,K55101E91865,KR7476760004
453850,ACE 미국30년국채액티브(H),해외,채권,0.0500,0.1400,0.1555,K55101E03860,KR7453850000
476750,ACE 미국30년국채엔화노출액티브(H),해외,채권,0.1500,0.2200,0.2287,K55101E91790,KR7476750005
480030,ACE 미국500데일리타겟커버드콜(합성),해외,주식,0.4500,0.5100,0.5261,K55101E97755,KR7480030006
280320,ACE 미국IT인터넷S&P(합성 H),해외,주식,0.5000,0.6200,0.6368,K55101BW5925,KR7280320003
360200,ACE 미국S&P500,해외,주식,0.0700,0.1400,0.1755,K55101D78195,KR7360200000
438080,ACE 미국S&P500채권혼합액티브,해외,혼합자산,0.1500,0.2300,0.2554,K55101DU8887,KR7438080004
309230,ACE 미국WideMoat동일가중,해외,주식,0.4000,0.5500,0.7001,K55101CF3110,KR7309230001
367380,ACE 미국나스닥100,해외,주식,0.0700,0.1600,0.1937,K55101DB1182,KR7367380003
438100,ACE 미국나스닥100채권혼합액티브,해외,혼합자산,0.1500,0.2800,0.3096,K55101DU8879,KR7438100000
440650,ACE 미국달러단기채권액티브,해외,채권,0.3000,0.6900,0.6900,K55101DW3258,KR7440650000
480040,ACE 미국반도체데일리타겟커버드콜(합성),해외,주식,0.4500,0.5100,0.5248,K55101E96450,KR7480040005
402970,ACE 미국배당다우존스,해외,주식,0.0100,0.0800,0.1600,K55101DN4471,KR7402970008
181480,ACE 미국부동산리츠(합성 H),해외,부동산,0.3000,0.4200,0.4315,KR5101AJ9786,KR7181480005
465610,ACE 미국빅테크TOP7 Plus레버리지(합성),해외,주식,0.6000,0.6600,0.6777,K55101E52487,KR7465610004
465620,ACE 미국빅테크TOP7 Plus인버스(합성),해외,주식,0.6000,0.7100,0.7275,K55101E52495,KR7465620003
465580,ACE 미국빅테크TOP7 Plus,해외,주식,0.3000,0.3700,0.5184,K55101E52479,KR7465580009
473590,ACE 미국주식베스트셀러,해외,주식,0.3000,0.4500,1.0792,K55101E54012,KR7473590008
0008E0,ACE 미국중심중소형제조업,해외,주식,0.4500,0.4600,0.5245,K55101EH5038,KR70008E0000
391600,ACE 미국친환경그린테마INDXX,해외,주식,0.7000,0.9200,0.9773,K55101DK6651,KR7391600004
455660,ACE 미국하이일드액티브(H),해외,채권,0.2400,1.2300,1.2490,K55101E13018,KR7455660001
245710,ACE 베트남VN30(합성),해외,주식,0.7000,0.7600,0.7631,K55101BE0852,KR7245710009
131890,ACE 삼성그룹동일가중,국내,주식,0.1500,0.2100,0.2550,KR5101299273,KR7131890006
108450,ACE 삼성그룹섹터가중,국내,주식,0.1500,0.1900,0.2125,KR5101897761,KR7108450008
226380,ACE Fn성장소비주도주,국내,주식,0.5000,0.6000,0.6288,K55101B54539,KR7226380004
316300,ACE 싱가포르리츠,해외,부동산,0.4000,1.0700,1.0922,K55101CG5254,KR7316300003
483420,ACE 애플밸류체인액티브,국내&해외,주식,0.4500,0.5400,0.7730,K55101E42918,KR7483420006
483320,ACE 엔비디아밸류체인액티브,해외,주식,0.4500,0.5100,0.8076,K55101EB6172,KR7483320008
448540,ACE 엔비디아채권혼합블룸버그,국내&해외,혼합자산,0.0700,0.1400,0.1588,K55101DY6929,KR7448540005
433500,ACE 원자력테마딥서치,국내,주식,0.3000,0.3700,0.4008,K55101DU0363,KR7433500006
256440,ACE 인도네시아MSCI(합성),해외,주식,0.7000,0.7600,0.7736,K55101BI4108,KR7256440009
487920,ACE 인도시장대표BIG5그룹액티브,해외,주식,0.4500,0.5900,0.7951,K55101EC1768,KR7487920001
487910,ACE 인도컨슈머파워액티브,해외,주식,0.4500,0.5300,0.6530,K55101EB6453,KR7487910002
145670,ACE 인버스,국내,주식,0.1500,0.2200,0.4680,KR5101A59767,KR7145670006
497520,ACE 일라이릴리밸류체인,해외,주식,0.4500,0.5300,0.6002,K55101EG1343,KR7497520007
196030,ACE 일본TOPIX레버리지(H),해외,주식,0.5000,0.5800,0.6329,KR5101AR9802,KR7196030001
238720,ACE 일본Nikkei225(H),해외,주식,0.3000,0.5000,0.6695,K55101BA8230,KR7238720007
469160,ACE 일본반도체,해외,주식,0.4500,0.5900,0.8707,K55101E66032,KR7469160006
205720,ACE 일본TOPIX인버스(합성 H),해외,주식,0.5000,0.5900,0.5900,KR5101AV1027,KR7205720006
447430,ACE 주주환원가치주액티브,국내,주식,0.7000,0.7700,0.8291,K55101DY4338,KR7447430000
416090,ACE 중국과창판STAR50,해외,주식,0.5000,1.2100,1.2733,K55101DP7530,KR7416090009
168580,ACE 중국본토CSI300,해외,주식,0.7000,0.9100,0.9516,KR5101AD5756,KR7168580009
219900,ACE 중국본토CSI300레버리지(합성),해외,주식,0.5000,0.8900,1.0027,K55101B26297,KR7219900008
272910,ACE 중장기국공채액티브,국내,채권,0.0800,0.1100,0.1194,K55101BQ9602,KR7272910001
371870,ACE 차이나항셍테크,해외,주식,0.2500,0.7700,0.8382,K55101DC5406,KR7371870007
496120,ACE 코리아밸류업,국내,주식,0.0900,0.1100,0.1204,K55101EF9826,KR7496120007
354500,ACE 코스닥150,국내,주식,0.0200,0.0600,0.0765,K55101D41516,KR7354500001
305050,ACE 코스피,국내,주식,0.0200,0.0700,0.0874,K55101CC3048,KR7305050007
457480,ACE 테슬라밸류체인액티브,해외,주식,0.2900,0.3800,0.5055,K55101E19387,KR7457480002
469170,ACE 포스코그룹포커스,국내,주식,0.3000,0.3700,0.3899,K55101E67568,KR7469170005
261920,ACE 필리핀MSCI(합성),해외,주식,0.5000,0.6700,0.6853,K55101BJ5096,KR7261920003
491220,PLUS 200TR,국내,주식,0.0100,0.0300,0.0340,K55213EE1753,KR7491220000
152100,PLUS 200,국내,주식,0.0170,0.0400,0.0513,KR5213A73001,KR7152100004
253150,PLUS 200선물레버리지,국내,주식,0.0600,0.1000,0.2762,K55213BH1688,KR7253150007
253160,PLUS 200선물인버스2X,국내,주식,0.0600,0.1200,0.3994,K55213BH1662,KR7253160006
395750,PLUS ESG가치주액티브,국내,주식,0.1050,0.1400,0.1771,K55213DK8967,KR7395750003
395760,PLUS ESG성장주액티브,국내,주식,0.1050,0.1600,0.2080,K55213DK8959,KR7395760002
453010,PLUS KOFR금리,국내,기타,0.0500,0.0500,0.0857,K55213E07260,KR7453010001
227830,PLUS 코스피,국내,주식,0.2000,0.2500,0.2548,K55213B72955,KR7227830007
122090,PLUS 코스피50,국내,주식,0.3300,0.3600,0.3887,KR5213185071,KR7122090004
429740,PLUS K리츠,국내,부동산,0.2500,0.3300,0.3576,K55213DT8232,KR7429740004
449450,PLUS K방산,국내,주식,0.4500,0.5100,0.5344,K55213DZ4142,KR7449450006
269540,PLUS 미국S&P500(H),해외,주식,0.3000,0.4200,0.5341,K55213BO8445,KR7269540001
269530,PLUS S&P글로벌인프라,해외,주식,0.3000,0.6800,1.0639,K55213BO6514,KR7269530002
433850,PLUS TDF2030액티브,국내&해외,혼합자산,0.1400,0.4400,1.1822,K55213DU6084,KR7433850005
433860,PLUS TDF2040액티브,국내&해외,혼합자산,0.1600,0.4400,1.1126,K55213DU6076,KR7433860004
433870,PLUS TDF2050액티브,국내&해외,혼합자산,0.1800,0.4800,1.3868,K55213DU6068,KR7433870003
433880,PLUS TDF2060액티브,국내&해외,혼합자산,0.2000,0.4200,0.7297,K55213DU6050,KR7433880002
251590,PLUS 고배당저변동50,국내,주식,0.2300,0.3000,0.3377,K55213BG0087,KR7251590006
161510,PLUS 고배당주,국내,주식,0.2300,0.2800,0.3124,KR5213AC3237,KR7161510003
489030,PLUS 고배당주위클리커버드콜,국내,주식,0.3000,0.3400,0.4021,K55213ED8726,KR7489030007
251600,PLUS 고배당주채권혼합,국내,혼합자산,0.2000,0.2600,0.2947,K55213BG0095,KR7251600003
461460,PLUS 국고채10년액티브,국내,채권,0.0450,0.0600,0.0689,K55213E35667,KR7461460008
451600,PLUS 국고채30년액티브,국내,채권,0.0500,0.0700,0.0715,K55213E00166,KR7451600001
491230,PLUS 국공채머니마켓액티브,국내,채권,0.0500,0.0600,0.0619,K55213EE1068,KR7491230009
289670,PLUS 국채선물10년,국내,채권,0.0500,0.1000,0.1468,K55213C26454,KR7289670002
298340,PLUS 국채선물3년,국내,채권,0.1000,0.1500,0.1953,K55213C88959,KR7298340001
489010,PLUS 글로벌AI인프라,해외,주식,0.4500,0.6100,0.7348,K55213ED9351,KR7489010009
438210,PLUS 글로벌AI,해외,주식,0.5000,1.2600,1.8655,K55213DW0382,KR7438210007
442580,PLUS 글로벌HBM반도체,해외,주식,0.5000,0.7200,1.0325,K55213DW6843,KR7442580007
496770,PLUS 글로벌방산,해외,주식,0.4500,0.5000,0.6009,K55213EF7411,KR7496770009
419650,PLUS 글로벌수소&차세대연료전지,해외,주식,0.5000,0.8000,0.8819,K55213DQ0364,KR7419650007
0007G0,PLUS 글로벌원자력밸류체인,해외,주식,0.3900,0.4000,0.4714,K55213EG9010,KR70007G0009
415920,PLUS 글로벌희토류&전략자원생산기업,해외,주식,0.5000,1.1300,1.1993,K55213DH4276,KR7415920008
278620,PLUS 단기채권액티브,국내,채권,0.0700,0.1000,0.1025,K55213BW6233,KR7278620000
477050,PLUS 머니마켓액티브,국내,채권,0.0500,0.0600,0.0627,K55213E90027,KR7477050009
429760,PLUS 미국S&P500,해외,주식,0.0700,0.3600,0.6883,K55213DS7136,KR7429760002
494410,PLUS 미국S&P500성장주,해외,주식,0.0060,0.1400,0.3132,K55213EF0978,KR7494410004
287180,PLUS 미국나스닥테크,해외,주식,0.5000,0.6200,0.6745,K55213C03586,KR7287180004
332610,PLUS 미국단기회사채(AAA~A),해외,채권,0.3150,0.3900,0.3900,K55213CS6311,KR7332610005
456200,PLUS 미국달러SOFR금리액티브(합성),해외,기타,0.0900,0.1800,0.1819,K55213E23085,KR7456200005
494420,PLUS 미국배당증가성장주데일리커버드콜,해외,주식,0.3900,0.5600,0.7384,K55213EF1380,KR7494420003
332620,PLUS 미국장기우량회사채,해외,채권,0.3150,0.4000,0.4000,K55213CS6329,KR7332620004
464470,PLUS 미국채30년액티브,해외,채권,0.1500,0.2600,0.2904,K55213E52282,KR7464470004
461900,PLUS 미국테크TOP10,해외,주식,0.0100,0.1400,0.2582,K55213E31534,KR7461900003
238670,PLUS 스마트베타Quality채권혼합,국내,혼합자산,0.2000,0.3100,0.3631,K55213BA6478,KR7238670004
373530,PLUS 신흥국MSCI인버스(합성 H),해외,주식,0.5000,0.6400,0.6400,K55213DD3702,KR7373530005
256450,PLUS 심천차이넥스트(합성),해외,주식,0.5000,0.6300,0.6300,K55213BI7197,KR7256450008
447660,PLUS 애플채권혼합,국내&해외,혼합자산,0.2500,0.3500,0.3680,K55213DY4341,KR7447660002
239660,PLUS 우량회사채50,국내,채권,0.1350,0.1700,0.1729,K55213BB5131,KR7239660004
421320,PLUS 우주항공&UAM,국내,주식,0.4500,0.5300,0.5702,K55213DR8713,KR7421320003
464920,PLUS 일본반도체소부장,해외,주식,0.5000,0.7000,0.8768,K55213E52290,KR7464920008
489000,PLUS 일본엔화초단기국채(합성),해외,채권,0.1900,0.2100,0.2250,K55213ED2661,KR7489000000
451000,PLUS 종합채권(AA-이상)액티브,국내,채권,0.0450,0.0600,0.0642,K55213DZ2997,KR7451000004
280920,PLUS 주도업종,국내,주식,0.2300,0.3200,0.3770,K55213BX8006,KR7280920000
266550,PLUS 중형주저변동50,국내,주식,0.2300,0.3300,0.3690,K55213BL2888,KR7266550003
495040,PLUS 코리아밸류업,국내,주식,0.0090,0.0300,0.0390,K55213EF9375,KR7495040008
301410,PLUS 코스닥150선물인버스,국내,주식,0.2900,1.0600,1.2081,K55213C86276,KR7301410007
301400,PLUS 코스닥150,국내,주식,0.1500,0.5600,0.5782,K55213C86268,KR7301400008
328370,PLUS 코스피TR,국내,주식,0.1500,0.1900,0.2015,K55213CQ4342,KR7328370002
457990,PLUS 태양광&ESS,국내,주식,0.4500,0.5700,0.6108,K55213E13359,KR7457990000
0000J0,PLUS 한화그룹주,국내,주식,0.1900,0.2000,0.2010,K55213EG3153,KR70000J0003
461910,PLUS 미국테크TOP10레버리지(합성),해외,주식,0.5000,0.6000,0.6146,K55213E31542,KR7461910002
433250,UNICORN R&D 액티브,국내,주식,0.3550,0.6700,0.7020,K55373DU6130,KR7433250008
494220,UNICORN SK하이닉스밸류체인액티브,국내,주식,0.5000,0.5400,0.5466,K55373EF1006,KR7494220007
470310,UNICORN 생성형AI강소기업액티브,국내,주식,0.5000,0.6000,0.6338,K55373E72456,KR7470310004
476000,UNICORN 포스트IPO액티브,국내,주식,0.5000,0.7700,0.8149,K55373E91357,KR7476000005
491700,HK 200,국내,주식,0.0500,0.0800,0.0840,K55224ED5836,KR7491700001
0000Y0,HK 26-12 회사채(AA-이상)액티브,국내,채권,0.0650,0.0700,0.0703,K55224EH0304,KR70000Y0004
391670,HK 베스트일레븐액티브,국내,주식,0.3000,0.4900,0.8000,K55224DK4104,KR7391670007
472920,HK 종합채권(AA-이상)액티브,국내,채권,0.0360,0.0500,0.0511,K55224E73350,KR7472920008
